Artist_name,Artist_id,Artist_genres,Artist_followers,Artist_popularity
d4vd,5y8tKLUfMvliMe8IKamR32,['bedroom pop'],2833705,78
Agust D,5RmQ8k4l3HZ8JoPb4mNsML,['k-rap'],14802457,76
JHAYCO,6nVcHLIgY5pE2YCl8ubca1,"['reggaeton', 'trap latino', 'urbano latino']",7935606,82
呂士軒,61gu0mOGuVNpTt5yT8GISP,[],426,8
Mahalia,16rCzZOMQX7P8Kmn5YKexI,"['alternative r&b', 'indie anthem-folk', 'uk contemporary r&b']",983769,60
阿蘭 AC,4rmyrkHJMMD1i00eFs5jem,[],3312,22
Calvin Harris,7CajNmpbOovFoOoasH2HaY,"['dance pop', 'edm', 'electro house', 'house', 'pop', 'progressive house', 'uk dance']",22772832,87
房東的貓,6oxtUCWftDouZzeso3oXcF,['chinese minyao'],48946,39
Glass Animals,4yvcSjfu4PC0CYQyLy4wSq,"['gauze pop', 'indietronica', 'modern rock', 'pov: indie', 'shiver pop']",4240689,78
PinkPantheress,78rUTD7y6Cy67W1RVzYs7t,['bedroom pop'],3559681,76
Masked Wolf,1uU7g3DNSbsu0QjSEqZtEd,['australian hip hop'],743597,63
CHO JUNG SEOK,0MU0Hxwaz1daT4FVqx3Smz,['korean ost'],30952,43
Belly,0FOWNUFHPnMy0vOw1siGqi,"['canadian hip hop', 'canadian trap']",248709,55
Good Band,4xlAHgZnzzPHtoKnev0gwJ,['mandopop'],92695,40
TREASURE,3KonOYiLsU53m4yT7gNotP,['k-pop boy group'],3423129,66
XIN LIU,6fs2or0cKLEM2xohWq8SoX,['chinese electropop'],179192,53
JISOO,6UZ0ba50XreR4TM8u322gs,['k-pop'],3982028,64
elijah woods,3IR6DvP0x2a6oUSist9UMu,['singer-songwriter pop'],367625,64
Kehlani,0cGUm45nv7Z6M6qdXYQGTX,"['pop', 'r&b', 'rap']",7838169,75
Hozier,2FXC3k01G6Gw61bmprjgqS,"['irish singer-songwriter', 'modern rock', 'pop', 'pov: indie']",7653022,86
The Jackson 5,2iE18Oxc8YSumAU232n4rW,"['motown', 'soul']",1588551,66
KIMMUSEUM,1NVRvV0KqaO7VtSaVQcm3V,[],25021,43
CJ,7arQA31aZVS8yS6zUveWzb,['nyc rap'],241623,61
Mixer,6CMcc2djwtp3cIrpEHBxJ9,[],1628,24
ONE OK ROCK,7k73EtZwoPs516ZxE72KsO,"['j-pop', 'j-rock']",5366991,71
Future,1RyvyyTE3xzB2ZywiAwp0i,"['atl hip hop', 'hip hop', 'rap', 'southern hip hop', 'trap']",18131125,91
Sigala,1IueXOQyABrMOprrzwQJWN,"['dance pop', 'edm', 'pop dance', 'uk dance']",1563613,68
不是花火呀,5CxdR3VSEWjiAa5DabdLVd,['chinese viral pop'],75886,45
Tyla,3SozjO3Lat463tQICI9LcE,[],1777671,77
Niall Horan,1Hsdzj7Dlq2I7tHP7501T4,['pop'],9916757,74
Yaowen Liu,5FVgvRVA9Eh8OQxbV5TQSc,['taiwan idol pop'],39794,29
Joey Yung,2zzKlxMsKTPMsZacZCPRNA,['cantopop'],480835,56
Taylor Swift,06HL4z0CvFAxyc27GXpf02,['pop'],118971229,100
张远,3PutidTQajzWO1gTetJReW,['chinese viral pop'],37140,50
Ronghao Li,0rTP0x4vRFSDbhtqcCqc8K,"['chinese singer-songwriter', 'mainland chinese pop', 'mandopop']",832590,60
Zhang Zhen Yue,6PNEi9i2MxUgRufqYr76Xt,"['classic mandopop', 'mandopop', 'taiwan pop', 'taiwan singer-songwriter']",205814,49
Miley Cyrus,5YGY8feqx7naU7z4HrwZM6,['pop'],24566166,83
Burl Ives,0MHgLfmQdutffmvWe5XBTN,"['adult standards', 'american folk revival']",100669,44
許光漢,3hhUgkTf3fFYGogFMbV5Wv,[],41306,44
Lilas Ikuta,1qM11R4ylJyQiPJ0DffE9z,"['j-pop', 'japanese teen pop']",678196,60
Peder Elias,56zJ6PZ3mNPBiBqglW2KxL,['norwegian pop'],95700,56
Mitchell Ayres & His Orchestra,0HS96tPggl2nwiz3gNWWI5,"[""man's orchestra""]",1049,45
ICE杨长青,1CYOMrOfyYgZjJ9n6KIpQO,['sichuanese hip hop'],13848,41
Tom Grennan,5SHxzwjek1Pipl1Yk11UHv,['uk pop'],562314,65
Artemas,0PCCGZ0wGLizHt2KZ7hhA2,[],870867,80
JUNHA PARK,7oppHhvVWHX7WeGYjEOL6y,[],21503,38
Dermot Kennedy,5KNNVgR6LBIABRIomyCwKJ,"['folk-pop', 'irish pop', 'uk pop']",1556188,70
黃小琥,6KCusBln9NTESgcuI0DlUz,"['classic mandopop', 'mandopop']",64174,43
周星星,2pu04SDXMrNFw0DMgsrFMp,['chinese viral pop'],4540,31
Tipsy,2gZ9Qtzq8vrqLkR5EUSJy5,[],26833,42
Vance Joy,10exVja0key0uqUkk6LJRT,"['folk-pop', 'modern rock']",3137458,76
thehopend,32lrEgDlSQ0p6KLJckSvXd,"['chinese melodic rap', 'taiwan hip hop']",12482,39
OH MY GIRL,2019zR22qK2RBvCqtudBaI,"['k-pop', 'k-pop girl group']",1802625,53
Seungmin,2nTtulf6WM0raQcIbzYJuf,[],251729,52
Victor Wong,70ht8hGTKjvbPJ37xVO9cW,"['malaysian mandopop', 'mandopop']",79615,40
井胧,7vUl41Mg2BGkAWQcK6ptJ2,['chinese viral pop'],23040,42
Dan + Shay,7z5WFjZAIYejWy0NI5lv4T,"['contemporary country', 'country', 'country road']",3180298,70
SUGA,5RmQ8k4l3HZ8JoPb4mNsML,['k-rap'],14802457,76
Xiao Bing Chih,0Ej4GfzIcW3dWP0rC5d4x1,['mandopop'],83333,45
Charli xcx,25uiPmTg16RbhZWAqwLBy5,"['art pop', 'candy pop', 'metropopolis', 'pop', 'uk pop']",3832748,88
BABYMONSTER,1SIocsqdEefUTE6XKGUiVS,['5th gen k-pop'],2230976,75
Lizzo,56oDRnqbIiwx4mymNEv7dS,"['escape room', 'minnesota hip hop', 'pop', 'trap queen']",5724076,70
程響,7nKA1c1Qn6nI0XA8yburf3,"['chinese viral pop', 'mainland chinese pop']",29421,42
Alan Walker,7vk5e3vY1uw9plTHJAMwjN,['electro house'],39181133,81
The Creator,4V8LLVI7PbaPR0K2TGSxFF,"['hip hop', 'rap']",15950444,85
BE'O,5NUVwRESNqYBUTRbiATjy7,['k-rap'],243444,54
Calum Scott,6ydoSd3N2mwgwBHtF6K7eX,['pop'],5685791,76
Kenshi Yonezu,1snhtMLeb2DYoMOcVbb8iB,"['anime', 'j-pop']",6071712,73
CAELAN,7HGNYPmbDrMkylWqeFCOIQ,"['bossa nova', 'mpb', 'samba de roda', 'tropicalia']",2297925,67
陈子晴,7Frhmp2DpaCwCkgnrrxSbX,['chinese viral pop'],4926,45
傻子與白痴,4rk0xYl7t3XftIQQedJjK4,"['taiwan indie', 'taiwan pop']",53088,38
NAV,7rkW85dBwwrJtlHRDkJDAC,"['canadian hip hop', 'canadian trap', 'melodic rap', 'rap', 'trap']",3486027,72
WATTS,4B3aifxHtpcKHuNi12lmSt,[],8093,34
Wanfang,468BFRg8N0wGREo2L4TXZp,"['classic mandopop', 'mandopop']",61927,39
Kim Kyung Hee,35CFI6iSFTyM0scQKBu8eE,['korean ost'],34149,50
salem ilese,3QJUFtGBGL05vo0kCJZsmT,"['alt z', 'modern indie pop']",378379,63
Z-Chen,5rG61ghWZ2R4TDvCO7d0jw,"['chinese r&b', 'malaysian mandopop', 'mandopop']",50053,42
WeiBird,7y3HnWCFEvWj4KM9GFSkiX,"['chinese r&b', 'mandopop', 'taiwan singer-songwriter']",425893,55
梦然,6taSlFSqCqAEUHOliFyHt7,"['chinese viral pop', 'mainland chinese pop']",75673,50
Julia Peng,7B4GBM2vQJvwyghdsvEV77,"['chinese drama ost', 'classic mandopop', 'mandopop']",88131,40
h3R3,7dCN2w1Hq4EuDvdli56MML,['chinese viral pop'],12818,42
Yoko Ono,2s4tjL6W3qrblOe0raIzwJ,"['experimental', 'experimental pop']",137223,48
BOYNEXTDOOR,4hnHLgMSOiqERWBL4jINP1,['5th gen k-pop'],764345,65
ROSALÍA,7ltDVBr6mKbRvohxheJ9h1,"['latin viral pop', 'pop', 'r&b en espanol']",8257815,80
Shawn Mendes,7n2wHs1TKAczGzO7Dd2rGr,"['canadian pop', 'pop', 'viral pop']",43090509,83
Kelly Cheng,1z3k20gEtPm6SKPGPvokDg,"['taiwan pop', 'taiwan singer-songwriter']",4898,24
Jonas Brothers,7gOdHgIoIKoe4i9Tta6qdD,"['boy band', 'pop']",7655339,74
Sunwoojunga,04L3elxyr0XFua2Ek3domW,"['k-indie', 'korean pop']",119642,46
VH (Vast & Hazy),2O6Fn6smW8hJ5x9rOUDPJc,['taiwan indie'],78889,38
SiM,2BM933ADIluGGrPBOhPgIt,"['japanese metalcore', 'japanese screamo']",396812,57
Alessia Cara,2wUjUUtkb5lvLKcGKsKqsR,"['canadian contemporary r&b', 'canadian pop', 'pop']",11809600,72
Ben Hum,4ATqdfAOYsKwaVVPEktade,[],2614,25
B.I,0UntV1Bw2hk3fbRrm9eMP6,['k-pop'],823916,57
Ice Spice,3LZZPxNDGDFVSIPqf4JuEf,['bronx drill'],4009269,77
小春Kenzy,5WdyavkKCvFR3g9BFkjDwk,['taiwan hip hop'],11701,30
柯智棠,3KdU8KfkDy7xHmQS00B5wd,"['taiwan indie', 'taiwan pop', 'taiwan singer-songwriter']",37957,31
J.Sheon,4DEItwf281SHmTnS8q3Mn9,"['mandopop', 'taiwan singer-songwriter']",176352,50
Doja Cat,5cj0lLjcoR7YOSnhnX0Po5,"['dance pop', 'pop']",30932494,85
Shakin' Stevens,0wi4yTYlGtEnbGo4ltZTib,"['classic uk pop', 'rockabilly']",155918,50
Maximillian,2Q9c6ETFOkDDTy53U7DIgr,['gen z singer-songwriter'],475299,49
Bobby Helms,38EmEgXkgK51MT2tPY0EoC,[],46614,45
陶山,3UYfDWIkc85vmJlHDX9m61,['mecha'],110,12
曾瑋中,7zY8finbugZLFpNfwNe4qW,['hokkien pop'],3133,40
LadBaby,0gWa2AiDlbvF24aqoLT2c1,[],27386,20
DallasK,7uas0F5EhsZg6KDJ7yy7rW,"['complextro', 'dutch house', 'electro house', 'pop edm', 'progressive electro house', 'sky room']",45170,46
CORSAK,1TcbdifqhtxLz77unBYJ7z,['chinese electropop'],40754,51
Georgia Ku,5mYakBbBzPMQTfkVMIgiDM,['uk pop'],26070,56
张妙格,7q6xird8xFNzgqQi60dwmj,[],7498,44
HEIZE,5dCvSnVduaFleCnyy98JMo,"['k-pop', 'korean pop', 'korean r&b']",1162102,60
五堅情WOLF(S) (邱鋒澤、陳零九、黃偉晉、賴晏駒、婁峻碩),7H6h9MXX9ms8IV2QGLrQSp,"['chinese r&b', 'mandopop', 'taiwan idol pop']",37301,35
OFFICIAL HIGE DANDISM,5Vo1hnCRmCM6M4thZCInCj,"['anime', 'anime rock', 'j-pop']",6621746,70
Metro Boomin,0iEtIxbK0KxaSlF7G42ZOp,['rap'],8969073,89
Shadya Lan,7DlOy5eGnazhGg7iDvCCCX,"['mandopop', 'taiwan singer-songwriter']",29471,37
大籽,2NJLAUSe3Ifk9MiHbddRAi,['chinese viral pop'],31322,45
LEE CHAE YEON,2nkZR6LwPxaAVtaVitNIPT,[],504883,50
Charlie Puth,6VuMaDnrHyPL1p4EHjYLi7,"['pop', 'viral pop']",23066915,80
同理 Zunya,3tsoImRDSW4JEcL2CdIUmo,['chinese r&b'],4308,24
Jamie Miller,2LkkwxA19J8C52wPQl5bG6,"['pop soul', 'singer-songwriter pop']",620723,64
婁峻碩,40sntfyZsRwGfDgSJnxYuX,"['mandopop', 'taiwan hip hop']",132699,48
Olivia Rodrigo,1McMsnEElThX1knmY4oliG,['pop'],38759198,87
BTOB,2hcsKca6hCfFMwwdbFvenJ,"['k-pop', 'k-pop boy group']",1479502,54
Jutes,53fzjsJnjEKkA6TdncuIM4,[],110947,55
BoA,4muJrGMndyYWqZtfk8OWy4,['k-pop'],825463,53
rohan mills,68FDtFW7F3cM7FCxTh8XKb,[],332,8
Little Mix,3e7awlrlDSwF3iM0WBjGMp,"['girl group', 'pop', 'talent show', 'uk pop']",12006261,73
李佳薇,02Cz717BTulFiQXUuIXH6n,"['malaysian mandopop', 'mandopop']",154067,44
21 Savage,1URnnhqYAYcrqrcwql10ft,"['atl hip hop', 'hip hop', 'rap']",19667265,88
HyunA&DAWN,3UwlejyX2b458azZ7eCnHb,['k-pop'],2272451,51
Becky Hill,4EPJlUEBy49EX1wuFOvtjK,"['pop dance', 'pop house', 'uk dance', 'uk pop']",842046,74
Benson Boone,22wbnEMDvgVIAGdFeek6ET,['singer-songwriter pop'],3319931,85
Gummy B,6NJb7ZCMVLu2ZXwWJa2O3G,['cartoon'],209391,55
Joel Corry,6DgP9otnZw5z6daOntINxp,"['dance pop', 'pop dance', 'uk dance']",430054,72
MC.Mark_MC.DAGO,6rvpJW0joIu2yNvshX8VN0,[],0,16
Major Lazer,738wLrAtLtCtFOLvQBXOXp,"['dance pop', 'edm', 'electro house', 'moombahton', 'pop', 'pop dance']",6177950,76
告五人,6xErgeZYatiaQ36SB5bvi8,"['mandopop', 'taiwan indie']",929998,60
Mika Nakashima,3D73KNJRMbV45N59E8IN0F,['j-pop'],803921,52
deca joins,5wbF4yfjaOjTSkrnucKA77,"['chinese indie', 'taiwan indie']",209940,44
TWS,4GgBKgxhc649frZDHcXIEz,['5th gen k-pop'],362179,62
Whyte,7KT7RFEMPdFMOTFl0we7G0,[],579,46
Gyubin,7nScMbyBG94XsSpe7yrImS,[],47208,50
Nat King Cole,7v4imS0moSyGdXyLgVTIV7,"['adult standards', 'lounge', 'soul', 'swing', 'vocal jazz']",2281447,68
Chappell Roan,7GlBOeep6PqTfFi59PTUUN,"['indie pop', 'pov: indie']",2565346,89
DJ Snake,540vIaP2JwjQb9dm3aArA4,"['dance pop', 'edm', 'electronic trap', 'pop', 'pop dance']",8777320,79
¥ellow Bucks,1Fe6FA7A57suR2KAaERpqH,"['j-rap', 'japanese trap']",237094,57
Regard,4ofCBoyEiGSePFAG500xev,"['pop dance', 'pop edm', 'slap house', 'uk dance']",256842,69
Masiwei,0fyaEHmSmZs2YWMgbruITA,"['chinese hip hop', 'sichuanese hip hop']",97169,48
Juice WRLD,4MCBfE4596Uoi2O4DtmEMz,"['chicago rap', 'melodic rap', 'rap']",34906057,86
natori,6WmXWHmfBMhupyIs8MSqtu,['japanese teen pop'],786661,63
NLE Choppa,0ErzCpIMyLcjPiwT4elrtZ,"['memphis hip hop', 'rap']",8481697,77
Apink,2uWcrwgWmZcQc3IPBs3tfU,"['k-pop', 'k-pop girl group']",1225337,53
王ADEN,4ecBfM4xa6ZLDr7P8lsyTV,['chinese r&b'],40676,47
Rosa Walton,1X0HaTcdkHW7LviblBiEeq,[],38372,57
LOONA,52zMTJCKluDlFwMQWmccY7,"['k-pop', 'k-pop girl group']",2410243,55
ATEEZ,68KmkJeZGfwe1OUaivBa2L,"['k-pop', 'k-pop boy group']",4169219,74
Blue Kwok,46ii392aUgGZUt2rvBrv4m,['lo-fi rap'],167,17
予笙,6R4Ab1wjgy0XRMsmdiakp8,[],5,1
楊子平 ᏟᎪsᏢᎬᏒ,3ZvPuPIHI1Xhh0XvBLAhky,[],1064,45
Bruno Mars,0du5cEVh5yTK9QJze8zA0C,"['dance pop', 'pop']",57920481,90
柏霖PoLin,42UhEbkOaTEwJKWmf7xlfZ,['taiwan pop'],10635,35
A-Mei Chang,6noxsCszBEEK04kCehugOp,['mandopop'],972163,59
Lil Tjay,6jGMq4yGs7aQzuGsMgVgZR,"['brooklyn drill', 'melodic rap', 'nyc rap', 'rap']",8814218,77
Ayanga,1c48HJvfsdzRQSr9svnE8B,['chinese singer-songwriter'],9738,35
ØZI,7Icsejk4pdIhkq2KO5A0jD,"['mandopop', 'taiwan hip hop']",213262,56
Tyson Yoshi,3dayhmhJfL4I8w1PuL9MqQ,"['hk-pop', 'hong kong hip hop']",89069,52
Sangpuy,7F0PfZK2IYJ1rPb344xQBi,[],59,21
Felix (Stray Kids),40zyx4iztMjRbIIoI802r4,[],132486,45
Loco,2e4G04F77jxVuDYo44TCSm,"['k-pop', 'k-rap', 'korean r&b']",464812,72
YUQI,22aCD8IrQZjcPgZw728QT6,[],746202,60
Swae Lee,1zNqQNIdeOUZHb8zbZRFMX,"['melodic rap', 'rap', 'trap']",2223918,80
Jay Chou,2elBjNSdBE2Y3f0j1mjrql,"['c-pop', 'mandopop', 'taiwan pop', 'zhongguo feng']",5922064,73
Myles Smith,3bO19AOone0ubCsfDXDtYt,['singer-songwriter pop'],663076,78
Tiësto,2o5jDhtHVPhrJdv3cEQ99Z,"['big room', 'brostep', 'dutch edm', 'edm', 'house', 'pop dance', 'progressive electro house', 'slap house', 'trance']",7437298,84
Haezee,0LestIkVCbetqsJ3o72Yzn,['chinese r&b'],8316,33
Why Don't We,2jnIB6XdLvnJUeNTy5A0J2,"['boy band', 'pop']",3708181,66
Asiaboy 禁藥王 ＆ Lizi 栗子,460u7AKt1ZvsPMB0zoXuAQ,"['mandopop', 'taiwan hip hop']",36998,36
瘦子E.SO,2qXGNIlmY3JrYkxOWyXZsd,"['chinese r&b', 'mandopop', 'taiwan hip hop']",285332,51
GSoul,4oEXworvhegyK83rZwVyWL,"['k-rap', 'korean r&b']",229367,46
Lil Durk,3hcs9uc56yIGFCSy9leWe7,"['chicago drill', 'chicago rap', 'drill', 'hip hop', 'pop rap', 'rap', 'trap']",7863892,81
D.O.,2CQZr2RPZmrcvDnaod1ldC,['k-pop'],1965901,67
Dr. Beauty,2EqCLoWLxNjPIBQLRtNRE9,['taiwan hip hop'],2733,18
Ayumu Imazu,51fH9mmZDwz1mSgUmgQIjM,[],66847,51
Jung Yong Hwa,6zhAP0FoDccL9kuETOC20q,['korean pop'],219499,44
Nicholas Teo,2met7Idcy1Ze7hnoUtpPmX,"['malaysian mandopop', 'mandopop']",115155,44
Kid Cudi,0fA0VVWsXO9YnASrzqfmYu,"['hip hop', 'ohio hip hop', 'pop rap', 'rap']",7164236,79
MAX,2VZNmg4vCnew4Pavo8zDdW,"['compositional ambient', 'post-minimalism']",1006805,71
阿夫Suhf,1lIHC3tPoXBlSYQwSMoIYY,['chinese hip hop'],22027,34
Chris Brown,7bXgB6jMjp9ATFy66eO08Z,"['r&b', 'rap']",22866129,87
Meghan Trainor,6JL8zeS1NmiOftqZTRgdTz,"['hip pop', 'pop']",15313334,78
Beyoncé,6vWDO969PvNqNYHIOW5v0m,"['pop', 'r&b']",38281054,86
ZQS,6CvqU8itTtfpm1E8Pvez33,[],3925,50
Quavo,0VRj0yCOv2FXJNP47XQnx5,"['atl hip hop', 'melodic rap', 'rap', 'trap']",7551779,80
阿跨面,26QeJhwzQ5vwSNX8wH1t0D,['taiwan hip hop'],16349,36
Mariah Carey,4iHNK0tOyZPYnBU7nGAgpQ,"['dance pop', 'pop', 'urban contemporary']",10258894,77
Maggie Chiang,1BZg1ebq8ftAkalzJoGq7u,"['classic mandopop', 'mandopop', 'taiwan pop']",57523,39
Chunho,5Jvzp2OQHVKVVRNwrIJ9im,['cumbia sonidera'],62626,47
hirsk,1WxYe59SGsEY1e6fLII0hB,['hong kong indie'],1212,3
Surf Mesa,1lmU3giNF3CSbkVSQmLpHQ,['pop edm'],176035,61
10-FEET,0QZqdhoRQkn1VphAa5eX8h,"['j-pop', 'j-rock', 'japanese punk rock', 'japanese ska']",373887,55
icyball,4GsjZQZJ3viOq4Uw8wZDbW,['taiwan pop'],62711,51
Kelly Yu,5R56NYbLCC2HpOwlYBnmeN,"['mainland chinese pop', 'mandopop']",173400,45
Yoga Lin,1GPoTgvXd5OqZMF1akOsV2,"['chinese r&b', 'mandopop']",642606,53
nævis,2067CjQ2nC56cRZX8goeHg,[],25150,44
HA SUNG WOON,3OBkZ9NG8F0Fn4oNpg0yuU,['k-pop'],243748,54
Morray,44vREmJC0OlVZjZaGLqVEd,['pop rap'],248416,59
Ayo97,3RZsYqWpNRBTPoJ8oqsAwW,['chinese viral pop'],3145,43
蔡明仁,1v2EIlY1RxGD5b6eYNcyBo,[],980,22
BTS,3Nrfpe0tUJi4K4DXYWgMUX,"['k-pop', 'k-pop boy group', 'pop']",75136549,86
BIBI,64M6ah0SkkRsnPGtGiRAbb,"['dance pop', 'pop']",9282064,80
22Bullets,18006kpQI473m1ICcpimQ9,"['sky room', 'slap house']",8836,44
Gary Yang,4iFznCrxI2nlVer46cgvWG,['taiwan pop'],1301,46
MIYEON,779v40cWIJUUoIDtC1IGaF,[],705734,46
The Edge,0ECwFtbIWEVNwjlrfc6xoL,"['album rock', 'classic rock', 'heartland rock', 'mellow gold', 'rock', 'soft rock', 'yacht rock']",10881053,76
8lak,08MxYfoyNQpx314MAppI8w,['chinese r&b'],14075,41
Kodak Black,46SHBwWsqBkxI7EeeBEQG7,"['florida drill', 'florida rap', 'melodic rap', 'miami hip hop', 'rap', 'trap', 'trap latino']",10816526,81
Ariana Grande,66CXWjxzNUsdJxJ2JdwvnR,['pop'],98814719,91
JOY,0sYpJ0nCC8AlDrZFeAA7ub,['k-pop'],763562,49
卓義峯,0GVoNfTDWNN9TUXc4mx1FX,['taiwan pop'],3458,34
Wayne's so Sad,3mgkHRW7Rgkbx2gJb5TPl7,"['taiwan indie', 'taiwan punk']",54107,35
Jane Huang,3anb4BMiWghyicokBR8lwm,['mandopop'],11531,32
比莉,50PlAIy0jv3INiwksQtCeh,[],1432,20
E1and,2DV0CXWV5eMJlEmT1jYJwa,['taiwan hip hop'],10218,30
陳彥允,1EcDMTgoFzDOhKDzirfYCM,"['mandopop', 'taiwan pop']",14630,23
Toaka,0xFsJRSOYJmmuozISzreTR,[],23419,57
EyeballRay,363CQz6rPzByyhhWS1zUQq,['taiwan hip hop'],7482,35
Arcane,57nPqD7z62gDdq37US9XJR,[],189169,68
TAEIL,1z0Hi3myYw4x32xCq0H3aq,"['k-pop', 'korean pop']",388822,49
Chris Rea,5KEG7G8LDYlHgFDqZyEEs2,"['soft rock', 'sophisti-pop']",1053627,59
Creepy Nuts,0pWR7TsFhvSCnbmHDjWgrE,['j-pop'],1218615,70
Patrick Brasca,1xCrrnnj9xif5G0y3ie5dM,['chinese r&b'],117357,57
A-do,24C7uNrWX2Iidb6X63vTGz,"['classic mandopop', 'mandopop', 'singaporean mandopop', 'singaporean pop']",92990,46
赵露思,02kfzFGTg4N70xlIO3hDvv,['chinese drama ost'],84784,50
Dwagie,6Mu480m4L6I1NiA07sKRLf,[],185,3
Lara Liang,4VgfrD5wuAoN428fBZNSyW,['mandopop'],32321,48
Missy Elliott,2wIVse2owClT7go1WT98tk,"['dance pop', 'hip hop', 'hip pop', 'neo soul', 'pop rap', 'r&b', 'rap', 'urban contemporary', 'virginia hip hop']",2519167,70
李芷婷,6MKG8dGJOKNwS2a8qZwtKs,"['chinese r&b', 'taiwan pop']",18473,30
WOOZI,4TdiASPlU3QdZvGQBothcQ,[],403052,47
徐暐翔,2xZkWvVTxC65o3dqETdfPm,[],4137,39
G5SH,0FQHLgDeg1QZGzkyRxAPRd,['chinese electropop'],14577,37
Shi Shi,4XKp9GFAQfsh2NflSRnHQi,"['mandopop', 'taiwan pop']",181199,49
Pank,4Qpbhxe0sO2zhvUVfODdZw,"['classic bollywood', 'filmi', 'ghazal']",6239316,59
司南,0xftsXB7VnOwibMhupkamE,"['chinese viral pop', 'zhongguo feng']",17931,40
緋村宗祐,4EZWkuxEGmujVRnCjVX1bf,['taiwan hip hop'],4165,20
Xian Zi,2CBuGdj5Nmgx1VfrgLnGoJ,"['mainland chinese pop', 'mandopop']",49845,49
ALEX CHOU,0zXp1zis13q1a2uCJgN9nq,['chinese r&b'],7852,21
Carolina Gaitán - La Gaita,29PgYEggDV3cDP9QYTogwv,['movie tunes'],65968,56
郁可唯,75CM5fojYdKYD0xYSFh22Z,"['mainland chinese pop', 'mandopop']",313140,51
Stunna Gambino,15ZjD8Gus20Miqw3fdOaXX,['nyc rap'],117288,49
棉子,6Y4Ur76H9vh8gw4QADaUKp,['chinese viral pop'],11969,45
Alok,0NGAZxHanS9e0iNHpR8f2W,"['electro house', 'pop nacional', 'slap house']",11290487,80
Lee Young Ji,0Y2AcMPMpeuPXtPQGVvRBq,['korean trap'],340172,64
青井,2Xs6HmQzPV5EhAtqZ8xVzP,['chinese r&b'],4096,23
FIFTY FIFTY,4GJ6xDCF5jaUqD6avOuQT6,['k-pop girl group'],1643178,66
Beyond,4F5TrtYYxsVM1PhbtISE5m,"['c-pop', 'cantopop', 'classic cantopop', 'hong kong rock']",608717,56
柯佳嬿,0L61ClriEEw74NE3HCTkAS,[],985,24
RAYE,5KKpBU5eC2tJDzf0wmlRp2,"['uk contemporary r&b', 'uk pop']",1588462,77
Em Beihold,7o2ZQYM7nTsaVdkXY38UAA,"['alt z', 'gen z singer-songwriter']",487513,70
EVERGLOW,3ZZzT0naD25RhY2uZvIKkJ,"['k-pop', 'k-pop girl group']",2212575,59
誓言,39YbP9PakVwqfXFtRdn5vI,"['classic mandopop', 'mandopop']",58171,43
Morgan Wallen,4oUHIQIBe0LHzYfvXNW4QM,['contemporary country'],10358251,91
Quanzo,4IprNlQiJZUUJhDl0fL2SL,"['melodic rap', 'trap']",2671844,60
D.N.A,1oepyvIp0DGLIwkRxXEUmK,[],10580,33
LiSA,0blbVefuxOGltDBa00dspv,"['anime', 'anime rock', 'j-pixie', 'j-pop']",3182617,67
Cherish,1c70yCa8sRgIiQxl3HOEFo,"['atl hip hop', 'girl group', 'hip pop', 'r&b', 'southern hip hop', 'urban contemporary']",628147,64
Katy Perry,6jJ0s89eD6GaHleKKya26X,['pop'],34111973,85
Maroon 5,04gDigrS5kc9YWfZHwBETP,['pop'],42305459,85
Stray Kids,2dIgFjalVxs4ThymZ67YCE,"['k-pop', 'k-pop boy group', 'pop']",16444239,85
Flesh Juicer,78ltY2tUrZpkWJ9CWYGZfl,"['chinese metalcore', 'taiwan metal', 'taiwan pop']",50907,39
Saweetie,6cK3NBO6uP7hh0oyuVELFl,"['cali rap', 'trap queen']",2312990,70
Tatsuya Kitani,7mvhRvEAHiCTQHUnH7fgnv,['japanese electropop'],442377,68
宋芸樺,0cklR29Gsyww5YnriK9xJm,[],260,27
李浩瑋 Howard Lee,7EkkWNWPiWFQ0rA9IEmMXs,['chinese r&b'],76797,54
2PM,5iRPbkcPmqAFFwDUj6ywVS,"['k-pop', 'k-pop boy group']",827657,52
aespa,6YVMFz59CuY7ngCxTxjpxE,['k-pop girl group'],6139901,80
珂拉琪 Collage,1YtYHaWLV0IU7SwhvG6Luk,['taiwan indie'],64339,39
Torine,2jku7tDXc6XoB6MO2hFuqg,"['canadian hip hop', 'canadian trap', 'melodic rap', 'pop rap', 'r&b', 'rap', 'trap']",6928960,81
ACRAZE,4pnp4w9g30yLfVIAFnZMRd,"['pop dance', 'tech house']",132589,65
小安,12QGPbN0fnuIlyEKxUlVo3,"['mandopop', 'taiwan pop']",10931,32
Ann Bai,6ytn3LGlsoOgU3YGF9T42s,['mandopop'],54114,39
Sam Lin,3EiW2e93LzyelaCJzRlNl1,['taiwan pop'],10123,39
EggPlantEgg,6g641431O1Xkl7HAs2yFEg,"['mandopop', 'taiwan indie', 'taiwanese indie']",519001,54
Warren Hue,4qcKNkdxUidhvUByB2eQ6g,['bedroom r&b'],84275,50
Lee Joomyung,4dN1DsKUXV6xugiarFBAa6,[],447,42
小时,6p8l16nIXK0EBQpjZWSzrt,['zhongguo feng'],7785,35
邱軍,5LKh6CH11tVjyXpxz2NjFW,[],8299,52
Sarah Rebecca,58obmxGKVKCenZAkACSMgJ,[],9174,52
Ludacris,3ipn9JLAPI5GUEo4y4jcoi,"['atl hip hop', 'dance pop', 'dirty south rap', 'hip hop', 'old school atlanta hip hop', 'pop rap', 'rap', 'southern hip hop', 'trap']",3062673,77
Bestards,0Awqm7GXGiBp8fJNGvywra,"['mandopop', 'taiwan indie']",163040,59
Eason Chan,2QcZxAgcs2I1q7CtCkl6MI,"['c-pop', 'cantopop', 'mandopop']",2959241,65
Elley Duhé,67MNhiAICFY6Pwc2YxCO0K,['alt z'],572672,75
Alan Kuo,3LyN3dzJjv35T1XcDysnZG,"['mandopop', 'taiwan pop']",36320,34
Bizarrap,716NhGYqD1jl2wI1Qkgq36,"['argentine hip hop', 'pop venezolano', 'trap argentino', 'trap latino', 'urbano latino']",16159396,82
陳嫺靜,4wbipbaGeTXkuF5paNuJqB,"['taiwan indie', 'taiwan pop']",41652,39
彈殼Danko,3fkwbLdzv3rzPg19f2YHOL,['chinese hip hop'],9763,31
JEON SOYEON,6Xg22wJOAcnvPUfk5WvODH,['k-pop'],1543734,53
Crowd Lu,2JBUyLiFvpFPWdZGqIGYLD,"['mandopop', 'taiwan indie', 'taiwan singer-songwriter']",506617,53
Black Eyed Peas,1yxSLGMDHlW21z4YXirZDS,"['dance pop', 'pop', 'pop rap']",8319508,80
pH-1,2u7CP5T30c8ctenzXgEV1W,"['k-rap', 'korean r&b']",448103,57
PSY,2dd5mrQZvg6SmahdgVKDzh,"['k-rap', 'korean old school hip hop']",1615083,63
VIVIZ,7Lq3yAtwi0Z7zpxEwbQQNZ,"['k-pop', 'k-pop girl group']",664771,58
Anne-Marie,1zNqDE7qDGCsyzJwohVaoX,['pop'],12037981,78
F.I.R.,5oqLnVZzJJXE3YnzzZfRKu,['mandopop'],134917,52
Queen Wei,3nViOFa3kZW8OMSNOzwr98,"['pop r&b', 'r&b']",3099935,58
DJ Afro,6bYLlD3Tmej2eV0Tacrsbx,['guaracha'],9710,33
Jambino,1lcuNfp7bo4LCAHWrjAR9K,[],8986,41
Nightcrawlers,1gALaWbNDnwS2ECV09sn2A,"['disco house', 'hip house', 'vocal house']",58727,62
BEAM,46MWeeHNVMYRIIofQBEX98,"['canadian hip hop', 'trap soul']",74497,60
Zhang Yu Sheng,3LefT7hR0PJgShJNQoPns5,"['classic mandopop', 'mandopop', 'taiwan singer-songwriter']",166830,45
Florence + The Machine,1moxjboGR7GNWYIMWsRjgG,"['baroque pop', 'modern rock', 'neo mellow', 'uk alternative pop']",6791398,77
阿冗,3dTgjg7lzUGiD3NwcGCK1n,"['chinese viral pop', 'mainland chinese pop']",74665,50
Bona(WJSN),5EHm62VI2botfXyNvboLlL,[],2806,42
League of Legends,47mIJdHORyRerp4os813jD,"['speedrun', 'video game music']",1877312,76
KIMSEJEONG,1lFLniFTaPjYCtQZvDXpqu,[],579896,52
Patti Kim,3YLoKDj5EXsg3AorXDgLlz,['classic korean pop'],4037,40
QUEEN BEE,6whFEcaV75AmQMiwlfaxvc,"['anime rock', 'dance rock', 'j-pop', 'j-rock']",415828,56
SEVENTEEN,7nqOGRxlXj7N2JYbgNEjYH,"['k-pop', 'k-pop boy group']",11986540,80
Sam Lee,3W9jGHrOdrrv01cVtRhZa7,['traditional english folk'],26655,37
MISAMO,0IwZVmMMGE7nNXS7vN9SIo,['k-pop girl group'],815675,55
Sabrina 胡恂舞,378nUaqWlvNG3xRIszxzLs,[],5405,31
Ed Sheeran,6eUKZXaKkcviH0Ku9w2n3V,"['pop', 'singer-songwriter pop', 'uk pop']",115389739,87
Vivian Hsu,6cP65fCRmCJQejKYSnVb47,"['mandopop', 'taiwan singer-songwriter']",93473,38
SUPER JUNIOR,6gzXCdfYfFe5XKhPKkYqxV,"['k-pop', 'k-pop boy group']",2313158,58
ENHYPEN,5t5FqBwTcgKTaWmfEbwQY9,"['anime', 'k-pop boy group']",9563464,81
Tangerine Wong,3Njp7uhQShnPMdKarS6Vsu,"['malaysian mandopop', 'mandopop']",2102,38
PNAU,6n28c9qs9hNGriNa72b26u,"['alternative dance', 'aussietronica', 'australian dance', 'australian electropop']",238875,72
張若凡RuoFan,3vt8C5pqh2fk4KaXpfSvxk,"['mandopop', 'taiwan pop']",17010,32
王靖雯,4lQ2LwNj8DlXSM3UntsbGc,['chinese viral pop'],128744,52
Cardi B,4kYSro6naA4h99UJvo89HB,"['pop', 'rap']",24351029,79
Harlem Yu,6VbRanWSU3pdDhJnhSfGmY,"['classic mandopop', 'mandopop']",195324,48
Camila Cabello,4nDoRrQiYLoBzwC5BhVJzF,"['dance pop', 'pop']",33657804,81
10CM,6zn0ihyAApAYV51zpXxdEp,[],782802,65
POPO J,3asn0DBHRjY3cHdlbm5kuu,['taiwan hip hop'],17024,28
晨悠 CHENYO,69HAncV59CvB16M51q77AI,['chinese r&b'],3769,29
JJ Lin,7Dx7RhX0mFuXhCOUgB01uM,"['mandopop', 'singaporean mandopop', 'singaporean pop']",3146936,66
DEAN,1Mxqyy3pSjf8kZZL4QVxS0,"['adult standards', 'easy listening', 'lounge']",7338153,76
Jane Zhang,7qJmFr579WC8MMGj4PiWdu,['mainland chinese pop'],83726,45
KARD,2JhAlkmukNvarUpGhTFXUQ,['k-pop'],1973383,56
CoCo Lee,3ioHf138TiMxYRCWmC8yJX,"['mandopop', 'taiwan pop']",127980,45
Sunnee楊芸晴,07Qt0KlMf6vpPVXuY5Qrhj,['chinese drama ost'],9744,26
Naeleck,2DYDFBqoaBP2i9XrTGpOgF,"['electro', 'hypertechno']",86631,70
艾薇,0p4nmQO2msCgU4IF37Wi3j,"['canadian pop', 'candy pop', 'dance pop', 'pop']",11201352,77
Dove Cameron,2W8yFh0Ga6Yf3jiayVxwkE,['pop'],5172949,73
馬克SAVAGE.M,0N7qBbcs5Ij44dxbAKy2Sl,['taiwan hip hop'],6953,28
Julia Wu,0ZED1XzwlLHW4ZaG4lOT6m,['pop'],5055302,72
Perry Como,5v8jlSmAQfrkTjAlpUfWtu,"['adult standards', 'easy listening', 'lounge']",530481,56
sunkis,4bLLB1dbsRVUTcMpnDGDO2,"['opm', 'pinoy indie rock']",866799,61
趙翊帆,4aayM0ChfIX46qI4eBCgMN,['chinese melodic rap'],16320,44
1K,6CQGrt3AJ2gx5oMSR0mwbl,"['christian hip hop', 'christian trap']",106773,52
Ellie Goulding,0X2BH1fck6amBIoJhDVmmJ,"['indietronica', 'metropopolis', 'pop', 'uk pop']",12517542,80
Moira Dela Torre,0rZRTXEmmPmx6gt92tBqIc,['opm'],9715483,66
Kim Soo Hyun,4rrL5p18CxtmmkT66SuKzZ,['korean ost'],81059,45
TroyBoi,0tvpihdAsKiNnP6sWS3jUI,"['bass trap', 'electronic trap']",409091,57
ZICO,4XpUIb8uuNlIWVKmgKZXC0,"['k-pop', 'korean r&b']",1545843,67
Enno Cheng,0mVEQWHpQc30NdVqwtj8WJ,"['taiwan indie', 'taiwan pop', 'taiwan singer-songwriter']",81606,42
Yorushika,4UK2Lzi6fBfUi9rpDt6cik,['j-pop'],2674888,73
Aska Yang,2SOrfXWlb17EoCqupfGX4u,['mandopop'],150998,49
Kid Milli,7IWshUcKfJyDWrbiF2XT8J,"['k-rap', 'korean underground rap']",177589,50
乔浚丞,3JhHdQILs3D6Te4gSdyaA3,[],1327,49
MAN WITH A MISSION,3NTbOmzlj2cL86XFuDVFvZ,"['anime rock', 'j-pop', 'j-rock']",1113566,61
YOUNGJAE,5qUAtC3NwSLYme4JqjlGfQ,['korean ost'],302590,51
GJ,630wzNP2OL7fl4Xl0GnMWq,"['idol rock', 'j-metal', 'kawaii metal']",2146518,69
David Kushner,33NVpKoXjItPwUJTMZIOiY,"['gen z singer-songwriter', 'singer-songwriter pop']",2316052,75
dazy,38PzLQE4GW8o7A18oGhi0x,[],18918,68
Namewee,24jrxG0tKcwgAzsLuPzyMi,"['malaysian mandopop', 'mandopop']",372841,50
Hit-Boy,6q3p11nP1p80Ey6LrOOSed,['drumless hip hop'],90532,54
張三李四,37hd0oa4Vj5yMkbZsdQ4Xe,"['taiwan indie', 'taiwan pop', 'taiwanese indie']",4139,15
Nile Rodgers,3yDIp0kaq9EFKe07X1X2rz,['disco'],143602,74
庭竹,2Ovp3J8JzCirwcGAgvK9cQ,['classic mandopop'],36416,34
井朧,4tz3iHSl8lR9ry1BOiF0N8,['chinese viral pop'],39342,43
Arthur Moon,2AcBhTO6Q3zzUrfPKmskp3,"['hoerspiel', 'writing']",14562,65
王宇宙Leto,1llNL6f36GgpMrKnRCx0uK,[],4194,50
Pharrell Williams,2RdwBSPQiwcmiDo9kixcl8,"['dance pop', 'pop']",4705675,80
Jackson Wang,1kfWoWgCugPkyxQP8lkRlY,['k-pop'],4228508,62
IU,3HqSLMAZ3g3d5poNaI7GOU,"['k-pop', 'pop']",8684587,71
Ruth Kueo,0SueX3F8oyrlVY4i8JB6Lb,"['singaporean mandopop', 'taiwan pop']",6090,20
D Smoke,6TKOZZDd5uV5KnyC5G4MUt,"['classic soul', 'disco', 'motown', 'quiet storm', 'soul']",1215272,56
DAY6,5TnQc2N1iKlFjYD7CPGvFc,"['k-pop', 'k-pop boy group']",3250970,66
DaBaby,4r63FhuTkUYltbVAg5TQnk,"['hip hop', 'north carolina hip hop', 'pop rap', 'rap', 'trap']",12175919,78
Anitta,7FNnA9vBm6EKceENgCGRMb,"['funk pop', 'funk rj', 'pagode baiano', 'pop', 'pop nacional']",12550213,80
Tablo,3NdOtTPPaXrCyC7Lpmzyhv,"['k-pop', 'k-rap', 'korean r&b']",229822,47
Christopher,695W5F2Ih8dYahLdjVOIoH,"['mellow gold', 'soft rock', 'yacht rock']",1044689,65
MeloMance,6k4r73Wq8nhkCDoUsECL1e,"['k-pop', 'korean pop']",281545,51
Nine Chen,4MMQmzYiUiuD8VwjrJu3v6,"['mandopop', 'taiwan singer-songwriter']",188539,45
HYUKOH,57okaLdCtv3nVBSn5otJkp,"['korean indie folk', 'korean r&b']",567588,55
Karencici,6v6qfXRvTRGGsmGfDvtMIK,"['chinese electropop', 'chinese r&b']",71811,51
Jam Hsiao,4AJcTAMOLkRl3vf4syay8Q,['mandopop'],547873,50
承桓,3ZYhFl4nztqc9vx35vKdUI,['chinese viral pop'],52102,59
TAIYO,38e3dRuXJNEIlJLo2ux8pA,[],1960,20
King Gnu,6wxfx1yhyqjCPYwwxJktR2,['j-pop'],3529291,69
Men Envy Children,4N9mUjAWoNCkLN0kCxzaL5,"['mandopop', 'taiwan indie', 'taiwan pop']",53187,33
SHAUN,72nLe76yBFSlP6VBzME358,['k-pop'],408313,58
KISS OF LIFE,4TEK9tIkcoxib4GxT3O4ky,"['5th gen k-pop', 'k-pop girl group']",1178241,73
Wonstein,5o615XColiSVMPDWlslKSk,[],142105,58
汪苏泷 单依纯,0PdNEiQ3MsJGCEgE13Tz60,"['chinese singer-songwriter', 'mainland chinese pop']",347616,58
八八男,0lJlKQvuM2Sd9DPPyUXcHg,"['lilith', 'pop rock']",575553,67
Fly By Midnight,4rQTEdG6hDVOlDUFKs9EjZ,['singer-songwriter pop'],263847,60
Ozuna,1i8SpTcr7yvPOmcqrbnVXY,"['puerto rican pop', 'reggaeton', 'trap latino', 'urbano latino']",37174988,87
Ben Wu,52WyK89jMCAFcNVLKjREFM,"['chinese electropop', 'taiwan pop']",18846,28
Ruth,2WzaAvm2bBCf4pEhyuDgCY,"['alt z', 'canadian contemporary r&b', 'canadian pop', 'pop']",3617577,72
桃子A1J,2imhfeJHce0YEYv9msgqMC,['chinese r&b'],5935,30
Joanna Wang,1km0aro5NJuoX5dE0Mub5C,"['chinese audiophile', 'chinese jazz', 'mandopop', 'taiwan singer-songwriter']",184514,47
Kim Taeri,0bBDQ4QeizwResorw0iD7X,[],5428,42
SUNMI,6MoXcK2GyGg7FIyxPU5yW6,['k-pop'],2602639,56
Miu Chu,06KOetaeFEz0gabCnqvCxz,['mandopop'],59704,31
頑童Mj116,7aMQdNM05rPkcHS1ethHUx,"['mandopop', 'taiwan hip hop']",269368,47
OneRepublic,5Pwc4xIPtQLFEnJriah9YJ,"['piano rock', 'pop']",17357960,85
Paul Blanco,2fiGm496AG7ePURQiSSJIw,['korean drill'],92580,54
小宇,6hhqsQZhtp9hfaZhSd0VSD,"['k-pop', 'k-pop girl group']",901584,48
PANTHEPACK,3mtw7Fkg8wdXJdub6ZIkJb,['chinese melodic rap'],67037,29
Kanye West,5K4W6rqBFWDnAN6FQUkS6x,"['chicago rap', 'hip hop', 'rap']",26631759,92
BEAUZ,2Wzb0u138rgoZQTK3ytknT,['pop edm'],118032,56
AJ 賴煜哲,3cy4mXZDfZgeuh2iFXkjv2,['chinese melodic rap'],2223,17
Don Chu,3PaGbJTBNMBBp6RCW3ZiDM,['mainland chinese pop'],4280,23
Eric Nam,2FLqlgckDKdmpBrvLAT5BM,['k-pop'],2174275,54
Chance the Rapper,1anyVhU62p31KFi8MEzkbf,"['chicago rap', 'conscious hip hop', 'hip hop', 'pop rap', 'rap', 'trap']",6014999,73
Mark Pelli,7ysDgZ3JkblCgOsDTJWttt,['movie tunes'],24227,56
Rainie Yang,0MEchSWR9pJvw1S5CV3Kuk,['mandopop'],749511,51
Sam Feldt,20gsENnposVs2I4rQ5kvrf,"['edm', 'pop dance', 'progressive electro house', 'tropical house']",776420,70
Latto,3MdXrJWsbVzdn6fe5JYkSQ,['trap queen'],1729996,79
Dopamine,3Edve4VIATi0OZngclQlkN,[],6364,61
Cal Scruby,2wcrc3fjebDRLVdtRUa3pu,"['deep underground hip hop', 'indie pop rap', 'ohio hip hop']",193361,57
Adam Levine,4bYPcJP5jwMhSivRcqie2n,['deep talent show'],1011239,71
陳偉,1DNci4XjJlglg629j3yO5n,['mandopop'],26989,47
Lost Frequencies,7f5Zgnp2spUuuzKplmRkt7,"['belgian edm', 'edm', 'pop dance', 'tropical house']",2877945,80
Adele,4dpARuHxo51G3z768sgnrY,"['british soul', 'pop', 'pop soul', 'uk pop']",57657211,86
Britney Spears,26dSoYclwsYLMAKD3tpOr4,"['dance pop', 'pop']",15058197,81
Majin,7KQRHTFIv5yBauZyAaerXn,['sigilkore'],19055,32
IN-K,7h7bdV2cTz6zruH7qYC2ME,['chinese viral pop'],4768,48
Jocelyn 9.4.0,4xu7XEr8It4loGPeZnJcqZ,['chinese r&b'],8559,29
Adassa,72kqSqk124Vnl1wtT6q9Fh,['movie tunes'],8694,57
Shiva,2K5nCggbhSZ00YCYP5qkZS,"['italian hip hop', 'italian pop', 'trap italiana']",2188674,71
Benjamin Ingrosso,7jEEE187pVG6InOxn03oA5,['swedish pop'],261827,70
Kep1er,5R7AMwDeroq6Ls0COQYpS4,['k-pop'],1605100,58
VaVa,1apmSb6aeHZyr9zUsy1Z9q,"['chinese hip hop', 'sichuanese hip hop']",66527,39
Rihanna,5pKCCKE2ajJHZ9KAiaK11H,"['barbadian pop', 'pop', 'urban contemporary']",61941130,90
The Kid LAROI,2tIP7SsRs7vjIcLrU85W8J,['australian hip hop'],5546907,83
HyunA,3UwlejyX2b458azZ7eCnHb,['k-pop'],2272451,51
小咪,1EnZU1clkEHET416Er1WO2,['chinese viral pop'],6620,45
NCT 2021,5Qnl3RAtzne7J1dxRv1UBc,[],263504,35
Dua Lipa,6M2wZ9GZgrQXHCFfjv46we,"['dance pop', 'pop', 'uk pop']",44370243,88
LISA,5L1lO4eRHmJ7a0Q6csE5cT,['k-pop'],8648911,81
Bad Bunny,4q3ewBCX7sLwd24euuV69X,"['reggaeton', 'trap latino', 'urbano latino']",84591559,94
USHER,23zg3TcAtWQy7J6upgbUnj,"['atl hip hop', 'contemporary r&b', 'dance pop', 'pop', 'r&b', 'rap', 'south carolina hip hop', 'urban contemporary']",11912177,82
Khalil Fong,1YrtUPrWcPfgdl9BaD9nhd,"['chinese r&b', 'mandopop']",407516,54
JIN,5vV3bFXnN6D6N3Nj4xRvaV,['k-pop'],8072463,72
Wanna One,2CvaqAMMsX576VBehaJ0Wx,"['k-pop', 'k-pop boy group']",1708656,51
SmashRegz,5a0J3Y8z0bQ3wxO0TzArDy,['taiwan hip hop'],3244,17
DJ Khaled,0QHgL1lAIqAw0HtD7YldmP,"['hip hop', 'miami hip hop', 'pop rap', 'rap']",11624747,74
A-Lin,28gf2piFx6cAKOMIwcky5a,['mandopop'],955018,58
070 Shake,12Zk1DFhCbHY6v3xep2ZjI,['new jersey rap'],543652,68
Alien Huang,4kVy1sDTGmCWzxmzY6soNZ,"['mandopop', 'taiwan pop']",102581,41
阿达娃,2eeDDDoYRBX8a2jRxLSv3D,"['chinese r&b', 'sichuanese hip hop']",4886,32
Yuuri,0ixzjrK1wkN2zWBXt3VW3W,"['j-pop', 'japanese singer-songwriter', 'japanese teen pop']",2634218,69
王淨,2Mi20SSCqDqjMRsJXHD72f,"['classical performance', 'italian orchestra', 'opera']",5061,45
Rhenzy Feliz,2as15AH2BTrPk8v4gyElmr,[],2490,56
Ty Dolla $ign,7c0XG5cIJTrrAgEC3ULPiq,"['hip hop', 'pop rap', 'r&b', 'southern hip hop', 'trap', 'trap soul']",5412111,86
NeciKen,2LzIV2DbLNmH0DG89BNbD6,['taiwan indie'],39371,39
于冬然,7mJv2vnmyEbD8eyI7tMLKs,['chinese viral pop'],51488,54
單依純,7rXM91kSsqGzvYANukdQJD,[],105713,57
高爾宣 OSN,4TcOznbEZBqev21LzAH4KE,"['mandopop', 'taiwan pop']",407632,59
Lily-Rose Depp,1pBLC0qVRTB5zVMuteQ9jJ,['pop'],140361,76
JP Saxe,66W9LaWS0DPdL7Sz8iYGYe,"['alt z', 'canadian contemporary r&b', 'singer-songwriter pop']",520395,63
The Weeknd,1Xyo4u8uXC1ZmMpatF05PJ,"['canadian contemporary r&b', 'canadian pop', 'pop']",88925846,94
WINNER,5DuzBeOgFwViFcv00Q5PFb,"['k-pop', 'k-pop boy group']",2437397,52
小花,5ov17Bo6m3WkAQV6Xolg2E,[],1106,17
Zak Abel,6Gk5hoM7eW8NSCYhICMDHw,"['uk contemporary r&b', 'uk pop']",162691,66
王赫野,2sAy0e2cL6jbo0ukxlxWNJ,[],8703,49
艾志恒Asen,6r2q02rEyw3DQXDXpNFwpp,['chinese hip hop'],20872,48
Andrew Tan,4zXroEby35IgWPERRcW4Ay,[],146696,71
BY2,3DOs7Bsr9x4eJHqv6ViPvR,"['mandopop', 'singaporean mandopop', 'singaporean pop']",168726,49
Waa Wei,190bkHbFrRvEhcB7Zpuv3y,"['chinese indie', 'mandopop', 'taiwan indie', 'taiwan pop', 'taiwan singer-songwriter']",261930,48
Ludwig Göransson,24eDfi2MSYo3A87hCcgpIL,"['nordic soundtrack', 'orchestral soundtrack', 'soundtrack']",340305,65
Jake Miller,3gggmBN0erstm3YJvEGe3t,"['indie pop rap', 'teen pop']",337696,54
Belle,6YFrVMB5AEMZ2rB3T0wyUQ,"[""children's music"", 'nursery']",29956,56
Blake Shelton,1UTPBmNbXNTittyMJrNkvw,"['classic oklahoma country', 'contemporary country', 'country', 'country road', 'modern country rock']",7191529,74
Silk Sonic,6PvvGcCY2XtUcSRld1Wilr,['neo soul'],895218,71
R3HAB,6cEuCEZu7PAE9ZSzLLc2oQ,"['dutch house', 'edm', 'electro house', 'pop dance', 'progressive electro house', 'slap house']",2546267,75
Michael Bublé,1GxkXlMwML1oSg5eLPiAz3,"['adult standards', 'canadian pop', 'jazz pop', 'lounge']",6356782,73
Wham!,5lpH0xAS4fVfLkACg9DAuM,"['new romantic', 'new wave', 'new wave pop', 'soft rock']",2770802,68
James Lee,5sennRot4Ls82wfspEQuf2,"['neo soul', 'r&b', 'urban contemporary']",434271,45
鄧福如 AFÜ,7hJBfmab67blVoqZBIAx13,"['mandopop', 'taiwan singer-songwriter']",50149,45
REX,7pbDxGE6nQSZVfiFdq9lOL,['bedroom pop'],6117109,74
Noah Kahan,2RQXRUsr4IW1f3mKyKsy4B,['pov: indie'],3217948,85
Isaac Hong,4bST03NJ0YEysocK5AV1wB,['korean superband'],46811,49
Tifa Chen,4wFuWGEWjHjTmZOtBp8cnW,['mainland chinese pop'],5103,20
許富凱,1cfpx67CNTohABdelcfXdL,['hokkien pop'],26082,40
KARA,7aZ221EQfonNG2lO9Hh192,"['k-pop', 'k-pop girl group']",573533,52
HONNE,0Vw76uk7P8yVtTClWyOhac,['uk pop'],1548711,63
LÜCY,6opBMmpW2ODmI9iPF2btzD,"['chinese indie', 'taiwan pop']",56419,42
keshi,3pc0bOVB5whxmD50W79wwO,['chill r&b'],3640253,74
Mitski,2uYWxilOVlUdk4oV9DvwqK,"['brooklyn indie', 'pov: indie']",8635876,83
CHUNG HA,2PSJ6YriU7JsFucxACpU7Y,['k-pop'],2184337,59
Youjeen,4wVcCedmr7FHtUlFnIeJIG,[],13056,56
Richie Jen,0zjNCSqeDIxn63crtDx7G2,"['classic mandopop', 'mandopop']",191414,47
政学Zed-X,7DAjUaK40De066EOFR6fxB,['chinese r&b'],12786,48
Skrillex,5he5w2lnU9x7JFhnwcekXX,"['brostep', 'complextro', 'edm', 'electro', 'pop dance']",7611658,76
VERNON,2Y34b9AOK30zXgL7cAH4NG,[],392477,43
G-Eazy,02kJSzxNuaWGqwubyUba0Z,"['indie pop rap', 'oakland hip hop', 'pop rap', 'rap']",5393060,77
Katncandix2,3bnBRciC7Gz8urBu9gEQAw,"['mandopop', 'taiwan pop']",37633,30
LIZ (IVE),2Cl2zS9nttS8xQeCp7zYT1,['5th gen k-pop'],106698,44
Colde,3VQDqjQ4wJyw8PzpGdlZpB,['korean r&b'],609640,60
benny blanco,5CiGnKThu5ctn9pBxv7DGa,['pop'],1174893,70
Stefanie Sun,0SIXZXJCAhNU8sxK0qm7hn,"['mandopop', 'singaporean mandopop', 'singaporean pop', 'singaporean singer-songwriter']",922072,60
Conor Maynard,6mU8ucezzms5I2kNH6HNlu,"['post-teen pop', 'talent show', 'uk pop', 'viral pop']",2093185,64
Capper,0NWX8s7X9gtjad7sIB0uba,"['chinese hyperpop', 'chinese melodic rap']",40813,51
Luke Combs,718COspgdWOnwOFpJHRZHS,"['contemporary country', 'country']",11153382,87
PPlin,6w4UFdB9juoTUzWhBJeOlw,['chinese melodic rap'],18106,41
Jacky Cheung,1Hu58yHg2CXNfDhlPd7Tdd,"['c-pop', 'classic mandopop']",1883181,61
Jude Chiu,0RFpGSVvrZOh43m5WdZn8T,"['chinese indie', 'chinese singer-songwriter']",20440,34
Walk off the Earth,6jEiUoyyJNPHzSR0Nib6HX,"['canadian rock', 'pop rock']",789225,60
bludnymph,7GwwoezwdbKvUaNgtg51pX,['alt z'],80403,57
Kylie Minogue,4RVnAU35WRWra6OZ3CbbMA,"['australian dance', 'australian pop', 'dance pop', 'eurodance', 'new wave pop']",2038392,72
Sia,5WUlDfRSoLAfcVSX1WnrxN,['pop'],28427496,84
黃偉晉,1LfGS4Ko1gqgvZ8f1hAG7D,['chinese r&b'],24222,34
SHINee,2hRQKC0gqlZGPrmUKbcchR,"['k-pop', 'k-pop boy group']",3113145,62
Naiwen Yang,2Vl4kZKeQslEl4P0ATWuue,"['mandopop', 'taiwan pop', 'taiwan singer-songwriter']",119076,43
方晨,5Nd4foqBx41TIEW2VXyENC,[],250,27
Jimin,1oSPZhvZMIrWW5I41kPkkY,['k-pop'],9207484,89
MEDUZA,0xRXCcSX89eobfrshSVdyu,"['edm', 'pop dance', 'pop house', 'uk dance']",797833,76
Billie Eilish,6qqNVTkY8uBg9cP3Jd7DAH,"['art pop', 'pop']",97961320,95
Megan Thee Stallion,181bsRPaVXVlUKXrxwZfHK,"['houston rap', 'pop', 'r&b', 'rap', 'trap queen']",9592297,82
QUEENDOM,6IW91qUpcrhbGuZxubrG70,[],9383,37
Travis Scott,0Y5tJX1MQlPlqiwlOH1tJY,"['rap', 'slap house']",31898390,93
Crispy脆樂團,5AO5nzx14PfLNfVgYVd0rw,"['taiwan indie', 'taiwan pop']",51827,45
Edan 呂爵安,5jewGMrZtMNJk5OsZ61Cpo,"['cantopop', 'hk-pop']",105238,49
Daft Punk,4tZwfgrHOc3mvqYlEYSvVi,"['electro', 'filter house', 'rock']",10072290,80
tobi lou,4T8NIfZmVY6TJFqVzN6X49,"['chicago rap', 'indie hip hop', 'indie r&b']",414517,56
Lukas Graham,25u4wHJWxCA9vO0CzxAbK7,"['danish pop', 'scandipop']",2239953,70
RM,2auC28zjQyVTsiZKNgPRGs,['k-rap'],17036982,74
Lorde,163tK9Wjr9P9DmM0AVK7lm,"['art pop', 'metropopolis', 'nz pop', 'pop']",10026089,77
Astro Bunny,3PTsVPijj4pjIol9yML0rK,"['chinese electropop', 'mandopop', 'taiwan indie', 'taiwan pop']",84258,38
閻韋伶,49AamveELdcA2auWjt0igG,[],362,27
Rene Liu,6qzfo7jiO4OrhxrvPFPlWX,"['mandopop', 'taiwan singer-songwriter']",337420,48
space x,5MfPm7ai5Y5vRePZ4MC9XL,['chinese viral pop'],26821,46
Anson Seabra,2jHp7gQArCQrlMvdrIVFCg,"['alt z', 'gen z singer-songwriter']",1027563,62
PA PUN BAND,0jz8mea3EKbqvOxZY6skBz,"['taiwan indie', 'taiwan punk']",86401,44
Nicky Lee,6DuHQk8gJbyVlhajer8IuF,['mandopop'],131207,56
HVME,2o08sCWF5yyo2G4DCiT7T9,['slap house'],70095,61
88rising,1AhjOkOLkbHUfcHDSErXQs,['asian american hip hop'],986076,66
DJ Mitsu The Beats,4F8O7axjzw3z0xVPRG8JFS,"['ambeat', 'japanese jazztronica']",36468,40
Djo,5p9HO3XC5P3BLxJs5Mtrhm,"['pov: indie', 'psychedelic pop']",1484194,76
Sasha Alex Sloan,4xnihxcoXWK3UqryOSnbw5,['alt z'],1510110,68
Fridayy,7sP4SQ0WY6jfps1I19Ot7i,[],216479,67
Internet Money,6MPCFvOQv5cIGfw3jODMF0,"['pop rap', 'trap']",847561,68
Gordon,23rleGXVOVVgTk3xgtmfE4,"['canadian country', 'canadian singer-songwriter', 'classic rock', 'country rock', 'folk', 'folk rock', 'mellow gold', 'singer-songwriter', 'soft rock']",910722,60
FUMON,3zGGhKGLorCRgcXc22gYDX,"['chinese metalcore', 'taiwan rock']",15551,38
落日飛車 Sunset Rollercoaster,7BqRcZsHYYQeqMAOp7e532,['taiwan indie'],462807,57
Sophie Chen,2DIegoHjgAlIc6HYGGbu4h,"['mandopop', 'taiwan singer-songwriter']",30332,45
Bazzi,4GvEc3ANtPPjt1ZJllr5Zl,['pop'],5457514,70
Central Cee,5H4yInM5zmHqpKIoMNAx4r,"['melodic drill', 'r&drill']",6274263,83
盛宇D-SHINE,5f3dConSTcYVeKZ44LryGh,['chinese melodic rap'],7401,37
Valen Hsu,0iW8EYj3iP2gpO5eU2Pvta,"['classic mandopop', 'mandopop']",161470,43
Cyndi Wang,3AroL2oDPiAnMpTmIQv3KP,['mandopop'],485465,57
YOASOBI,64tJ2EAv1R6UaZqc4iOCyj,"['j-pop', 'japanese teen pop']",8163846,75
黄霄云,4vcc1VAbvzJjbMTsPYL6OU,[],32408,45
玖壹壹,3w8fdvgPp2aKgy125EBgVg,"['mandopop', 'taiwan hip hop']",281374,53
Putri Ariani,5ZLrUYtJDZYWQXicVVO8On,"['indonesian pop', 'yogyakarta indie']",336474,54
The Ronettes,7CyeXFnOrfC1N6z4naIpgo,"['brill building pop', 'classic girl group', 'motown', 'rock-and-roll']",315256,63
Eminem,7dGJo4pcD2V6oG8kP0tJRR,"['detroit hip hop', 'hip hop', 'rap']",88761512,93
KEY.L刘聪,4vvCGXDAaBukbf2dI2slRT,['chinese melodic rap'],29018,42
KIRE,2KZp9cq9DQ9unz17ohWTlL,['chinese r&b'],25271,43
Hikaru Utada,7lbSsjYACZHn1MSDXPxNF2,"['anime', 'classic j-pop', 'j-pop', 'japanese singer-songwriter']",3541617,69
Vaundy,2IUl3m1H1EQ7QfNbNWvgru,"['j-pop', 'japanese soul']",2609728,73
j-hope,0b1sIQumIAsNbqAoIClSpy,"['k-pop', 'k-rap']",17978945,72
Rufus Wainwright,2PfBzriIMRsCXPDtSy9vg8,"['canadian pop', 'chamber pop', 'melancholia', 'piano rock', 'singer-songwriter']",336249,54
Au/Ra,1WgXqy2Dd70QQOU7Ay074N,"['art pop', 'norwegian pop']",3759136,74
6LACK,4IVAbR2w4JJNJDDRFP3E83,"['atl hip hop', 'melodic rap', 'r&b', 'rap', 'trap']",4734193,72
YOON MIRAE,1Do4bSzfUl0KWL9r1fITu0,"['k-pop', 'korean ost', 'korean pop', 'korean r&b']",290789,64
John Mayer,0hEurMDQu99nJRq8pTxO14,"['neo mellow', 'singer-songwriter']",6018686,77
Fast & Furious: The Fast Saga,56Qz2XwGj7FxnNKrfkWjnb,['pop dance'],40272,69
Russ,1z7b1Pr1rSlvWRzsW3HOrS,"['hawaiian hip hop', 'pop rap']",5189507,75
HAOR,1vhgWOwfVcKVTGTsfHmoBx,['taiwan pop'],4707,20
Skylar Grey,4utLUGcTvOJFr6aqIJtYWV,"['piano rock', 'viral pop']",606338,69
Halsey,26VFTg2z8YR0cCuwLzESi2,"['electropop', 'etherpop', 'indie poptimism', 'pop']",21673076,81
赵乃吉,3f4WIRKQFOQoKisLVwepp0,['chinese viral pop'],28528,46
Coi Leray,6AMd49uBDJfhf30Ak2QR5s,"['new jersey underground rap', 'trap queen']",829528,73
Blxst,4qXC0i02bSFstECuXP2ZpL,"['pop rap', 'westcoast flow']",511079,69
Jess Lee,02Cz717BTulFiQXUuIXH6n,"['malaysian mandopop', 'mandopop']",154067,44
苏星婕,19nBOLVLKxrijWEvjpXFI8,['chinese viral pop'],22554,51
Brenda Lee,4cPHsZM98sKzmV26wlwD2W,"['adult standards', 'lounge', 'rockabilly']",390709,56
LANY,49tQo2QULno7gxHutgccqF,"['la pop', 'opm']",5924023,73
Lauv,5JZ7CnR6gTvEMKX4g70Amv,['pop'],6267203,75
Julia Michaels,0ZED1XzwlLHW4ZaG4lOT6m,['pop'],5055302,72
Selena Gomez,0C8ZW7ezQVs4URX5aX7Kqx,"['pop', 'post-teen pop']",50634294,81
Tyga,5LHRHt1k9lMyONurDHEdrp,"['hip hop', 'pop rap', 'rap', 'southern hip hop', 'trap']",6933676,78
Juice Boy,2PRHe0bqimdQP9pSORGE6H,['chinese hip hop'],25340,41
Karen Mok,6jlz5QSUqbKE4vnzo2qfP1,['mandopop'],638317,53
黃祝賢儒,79Yhu3qWKYYxguxCTyd88K,[],1013,23
UMI,4ClziihVpBeFXNyDH83Lde,"['alternative r&b', 'bedroom soul']",1030751,62
BSS,1uAT5bTSp6dWbNmixIUP5t,['k-pop'],802510,61
Alesso,4AVFqumd2ogHFlRbKIjp1t,"['dance pop', 'edm', 'pop', 'pop dance', 'progressive electro house']",3922996,75
Zara Larsson,1Xylc3o4UrD53lo9CvFvVg,"['pop', 'scandipop', 'swedish electropop', 'swedish pop']",10520133,76
Bring Me The Horizon,1Ffb6ejR6Fe5IamqA5oRUF,"['melodic metalcore', 'metalcore', 'modern rock', 'rock', 'uk metalcore']",5784889,80
HowZ,348ClvzEm6fr680BJOeYcE,['taiwan hip hop'],36387,37
JOYCE 就以斯,2rnMTHqTdSXZ9h9drhPanv,[],26086,47
Ella Chen,1DNci4XjJlglg629j3yO5n,['mandopop'],26989,47
OHHYUK,68TCVp5t1Dxi2TvNuYoYK0,['korean pop'],78998,48
Kelly Pan,2hJxcuFTgP89GdmCVXfXyi,"['mandopop', 'singaporean mandopop']",18120,29
XG,0LOK81e9H5lr61HlGGHqwA,['k-pop girl group'],1626337,72
Hitsujibungaku,6S8w5rLsEwjN21jQeRES0n,"['j-rock', 'japanese alternative rock']",299659,60
Jack Harlow,2LIk90788K0zvyj2JJVwkJ,"['deep underground hip hop', 'hip hop', 'kentucky hip hop', 'pop rap', 'rap']",3899850,79
Andy Williams,4sj6D0zlMOl25nprDJBiU9,"['adult standards', 'easy listening']",540577,56
贺子玲,6zX8snAvqQTiIVrbh946vt,[],670,26
Ariel Tsai,5dS7yN8gXQcQNxuuVOABIk,['mandopop'],54935,34
Summer Walker,57LYzLEk2LcFghVwuWbcuS,"['r&b', 'rap']",6696872,79
SZA,7tYKF4w9nC0nq9CsPZTHyP,"['pop', 'r&b', 'rap']",22320195,89
BAEKHYUN,4ufh0WuMZh6y4Dmdnklvdl,['k-pop'],2696810,62
回春丹,49x8WCVjNPZNepo3NmeMEi,[],40202,40
Foudeqush,0XFgM33h3Ls5tj1M9IKUWd,['r&b en espanol'],45356,50
G.E.M.,7aRC4L63dBn3CiLDuWaLSI,['mandopop'],2828585,64
张静汶,6H1fGzH3FVEgBEinAi4rcB,['chinese viral pop'],2680,29
CL,0tzSBCPJZmHTdOA3ZV2mN3,['k-pop'],1201398,55
Chih Siou,6cMRDBCHMYjyCH2D0s6uzr,"['mandopop', 'taiwan indie', 'taiwan pop', 'taiwan singer-songwriter']",66977,38
陳韻喬,46vsYHCW3KdVfg2EtZhEF2,[],235,3
Rich Brian,2IDLDx25HU1nQMKde4n61a,['indonesian hip hop'],2128132,66
Macdella,2jGajbF57J3EZGtAjeH3Q0,['taiwan hip hop'],11050,34
Ava Max,4npEfmQ6YuiwW1GpUmaq3F,['pop'],7037387,79
Elva Hsiao,6yTAPw3o7oDH7lhj34jvbH,['mandopop'],196914,48
Wu Bai,5H8TJITZE1sPjVR2ACzXNS,"['mandopop', 'taiwan singer-songwriter']",669486,55
Troye Sivan,3WGpXCj9YhhfX11TToZcXP,"['australian pop', 'pop', 'viral pop']",8234304,77
One Direction,4AK6F7OLvEQ5QYCBNiQWHq,"['boy band', 'pop', 'post-teen pop', 'talent show']",36038324,84
Mozzy,4AA474G2hRfrHyGrfyDseO,"['cali rap', 'sacramento hip hop']",807862,62
林鴻宇,3cNu9TadMUtDkoVd5db2qB,['chinese r&b'],1820,19
颜人中,5PNcqs6EtD6gSXgUiiJIUU,['taiwan singer-songwriter'],213916,59
GX (鼓鼓 呂思緯、蕭秉治),288ePKcM3N0VLXFIGuv4LV,[],1107,24
Alexander 23,6sFHvCyqklnJpXC9Nh1aag,"['alt z', 'singer-songwriter pop']",438819,59
陈雪凝,7hhBMsiz3xH2GHj7tbRpgW,[],9397,40
邰智源,2xk7nS3YI8mmzrgtPHD5yW,[],260,17
Princess Ai,71l6Wfk7PaTVPAOH7ln56V,['mandopop'],95583,38
Sam Smith,2wY79sveU1sp5g7SokKOiI,"['pop', 'uk pop']",24083064,83
KUN,4SfFh31iZGOER3ajjaeior,['chinese idol pop'],221573,46
Energy,6wwzUk3F4tySPJhF30LeCd,[],1896,7
NCT U,3paGCCtX1Xr4Gx53mSeZuQ,"['k-pop', 'k-pop boy group']",4261258,62
Choi Hyunwook,1z2J8XtoQxczs0U1lMWEiZ,[],1389,42
Vicky Chen,01u3qI3xMGFvktXyRSMGRZ,"['mandopop', 'taiwan singer-songwriter']",170653,52
Night Keepers,7Ec6c9lhFbsTfuwmIkhZa9,"['taiwan indie', 'taiwan pop']",41893,41
Arin Ray,6TvjXbopXg71XRM9OZWqUc,['alternative r&b'],322340,51
Bradley Cooper,4VIvfOurcf0vuLRxLkGnIG,['hollywood'],257399,69
STAYC,01XYiBYaoMJcNhPokrg0l0,"['k-pop', 'k-pop girl group']",1892752,63
向思思,7jlM8w6yhqvHOYZ7y32CNX,[],3141,48
Zooey Wonder,6VI0p0xTjBKKxQN8i8vGpD,"['chinese electropop', 'chinese indie', 'taiwan indie', 'taiwan pop']",23502,27
Brave Girls,7t5H3uQv0Zw6cQUnSTF5BB,"['k-pop', 'k-pop girl group']",362407,47
The Rose,5na1LmEmK2VzNLje9snJYW,"['k-pop', 'k-pop boy group']",2718047,61
Omah Lay,5yOvAmpIR7hVxiS6Ls5DPO,['afrobeats'],3086693,75
陈村长,6zEkJebB8dCxTGyvyYa8FA,['chinese viral pop'],6182,45
Sam Kim,4BBN286rBKyCWsSPq2cxYO,"['k-pop', 'korean r&b']",457947,57
姚晓棠,011UpPnnyUWchmKVyFFByL,[],4198,47
Moon Byul,1eTft3tXynrKdo6XD7QHLL,['k-pop'],1215683,48
Silence Wang,0PdNEiQ3MsJGCEgE13Tz60,"['chinese singer-songwriter', 'mainland chinese pop']",347616,58
Jung Kook,6HaGTQPmzraVmaVxvz6EUc,['k-pop'],15691489,86
No Party For Cao Dong,3HXSUfI76zVZk71UMAeVfp,"['mandopop', 'taiwan indie', 'taiwan punk']",435487,53
胡66,0iMFttJ05HMGTKWRPHlFOF,"['chinese viral pop', 'mainland chinese pop']",66990,45
Soft Lipa,3Xp3DA50zRP4TYOtNR7k1T,"['mandopop', 'taiwan hip hop', 'taiwan pop', 'taiwan singer-songwriter']",162696,46
Tyen Rasif,35S21JGNjKGy0ueRX9MSSZ,[],369,13
BLACKPINK,41MozSoPIsD1dJM0CLPjZF,"['k-pop', 'k-pop girl group', 'pop']",50449007,80
Jin Wenqi,4ieCG6ylz8VnMkGMkiWpbd,"['chinese singer-songwriter', 'mainland chinese pop']",25339,40
Kumachan,5DdhWWd83hbrWLXIVx129X,"['mandopop', 'taiwan hip hop', 'taiwan pop']",98390,38
FRαNKIE阿法,3NvVbjPU6W2AOEWitAUqwe,['taiwan hip hop'],18895,34
tripleS,5Z71xE9prhpHrqL5thVMyK,['k-pop girl group'],440498,61
Richard Sanderson,2VYfYBKv8RPlY3MhwI7mSR,['histoire pour enfants'],6532,40
卢卢快闭嘴,4wUR1NviIGE01yEfeLNkeV,['chinese viral pop'],43380,53
Luxiem,1kFkuPkfE1z3STtqLNK5s1,['japanese vtuber'],91463,33
隊長,4SpsVETdnMLwPHyOW0FlQz,['chinese viral pop'],203214,58
JENNIE,250b0Wlc5Vk0CoUsaCY84M,['k-pop'],7068258,78
Dino Lee,6AcLxs14V2VO3gr1peXGrA,"['mandopop', 'taiwan pop']",30363,26
Matt Champion,29Oq9Nv8zLgu3IvX1tIpbm,['bedroom pop'],166742,49
KeyKey,0i7wcJTYQqtkFiKS61ft8h,['chinese viral pop'],3844,44
TANK 呂建忠,39LWbzZB6lcrRviPzrAVdZ,"['mandopop', 'taiwan pop']",51504,51
Encanto - Cast,3xLU748QxpTmIVaiNXXg0P,['movie tunes'],81124,61
The Black Skirts,6WeDO4GynFmK4OxwkBzMW8,"['k-indie', 'k-rock', 'korean dream pop', 'korean indie rock']",381458,56
PIZZALI,5AIqzRLM5XgtjdCjnbvJx7,['taiwan hip hop'],12501,42
Rose Liu,1LGJHpsAhfP1QX26plFrFn,"['mandopop', 'taiwan pop']",13649,33
God Øne,0WoCJqLme8Jz2NrGXXdwNL,['taiwan hip hop'],5004,33
Tyler,13ZEDW6vyBF12HYcZRr4EV,"['kentucky indie', 'kentucky roots', 'outlaw country']",2562475,79
BOL4,4k5fFEYgkWYrYvtOK3zVBl,['k-pop'],1888646,61
小阿七,7tDLiRbNQalA5uvTpX2bKh,['chinese viral pop'],90118,51
Mido and Falasol,3lBxyv4EPpiE80Ji1Eyfiq,['korean ost'],73151,46
张鸣利,1cxk1JehheuLWYufTcfv5o,[],95,38
HOSHI,0LWHFUzXPTl9BDdJHDE001,"['pink noise', 'scenecore']",108421,59
KEY,6XXKPxRX2WWPPtfodzpc2v,['k-pop'],668695,51
接个吻,2l5m4pAZsByhzQUbj5cOQt,['chinese viral pop'],2427,36
IVE,6RHTUrRF63xao58xh9FXYJ,['k-pop girl group'],4435993,74
Roddy Ricch,757aE44tKEUQEqRuT6GnEB,"['melodic rap', 'rap', 'trap']",10777754,76
羅言,4ubrvBBuK8sxibCYU5JSUf,[],2392,46
Jia Jia,5qUYuf6cIHU241KxPyDMBp,['mandopop'],215921,47
PSY.P,2dd5mrQZvg6SmahdgVKDzh,"['k-rap', 'korean old school hip hop']",1615083,63
Kelly Clarkson,3BmGtnKgCSGYIUhmivXKWX,"['dance pop', 'pop', 'talent show']",10540616,73
郭顶,1CqvjaECUkhe4BMeYz4Ihh,"['chinese indie', 'taiwan indie', 'taiwan singer-songwriter']",110834,46
Khalid,6LuN9FCkKOj5PcnpouEgny,"['pop', 'pop r&b']",16289850,85
wannasleep,1Qe4VNycDbzI2unKKDtQ0x,['taiwan hip hop'],26892,41
Mauro Castillo,36CUTsdtNgCwMq6zKD1l8I,"['modern salsa', 'movie tunes', 'salsa colombiana']",42353,57
Nicky Youre,7qmpXeNz2ojlMl2EEfkeLs,['singer-songwriter pop'],259262,69
Julian Casablancas,1rAv1GhTQ2rmG94p9lU3rB,['indie rock'],559579,60
中島健人,3KJigfhLjMfuE2HXsgXbln,[],7701,60
Roisee,5pCGvSxNNUcddlRrG0wsrY,[],19507,60
Demi Lovato,6S2OmqARrzebs0tKUEyXyp,"['pop', 'post-teen pop']",26667120,77
Pink Sweat$,1W7FNibLa0O0b572tB2w7t,['bedroom soul'],1847683,65
『ユイカ』,2EqaSEa0WkE59Aca9iXSYj,['japanese teen pop'],257438,56
Post Malone,246dkjvS1zLTtiykXe5h60,"['dfw rap', 'melodic rap', 'pop', 'rap']",45004902,92
MAVE:,2ec7y2L98sHDYFylr7KqEx,"['5th gen k-pop', 'k-pop girl group']",220925,42
李佳歡,7sxOGIcUrfCGeTe79YYutH,"['malaysian mandopop', 'mandopop', 'taiwan pop', 'taiwan singer-songwriter']",13857,30
黃少雍,1ZyIj7IPW3lpo4eFxek4fu,[],40,10
Hins Cheung,2MVfNjocvNrE03cQuxpsWK,['cantopop'],541486,58
Fran,2h93pZq0e7k5yf4dywlkpM,"['lgbtq+ hip hop', 'neo soul']",14951727,86
Silk City,2X97ZAqRKRMYFIDqtvGgGc,"['edm', 'uk dance']",81526,52
Jason Zhang,75udD9hen8NeHTe92rUNLa,['mainland chinese pop'],265663,45
BOBBY,7ieMQQDR0bdBPz572mtxwS,['k-pop'],883097,49
A Si,4yamiVzQPYBb02ceSu0jaI,"['chinese minyao', 'taiwan indie', 'taiwan pop']",55345,43
马吟吟,7bW8KSa6v5oBJAjSO2xsmf,[],1099,31
Diana Wang,6qMCbcnBinopCiiCrKQlF3,['mandopop'],78421,40
José Feliciano,7K78lVZ8XzkjfRSI7570FF,"['latin pop', 'puerto rican pop']",405681,60
Yoyo Sham,2OrCYFzQYE1TmevdYARnU1,"['cantopop', 'hong kong indie']",70343,45
馬念先,40LaLWRnuCBSSdpwsC42jb,['taiwan pop'],32023,33
蔡恩雨 Priscilla Abby,0zFBdI3ErhNDcIPAKiGoL0,['malaysian mandopop'],57426,46
GAYLE,2VSHKHBTiXWplO8lxcnUC9,"['alt z', 'modern alternative pop']",630745,62
The Chainsmokers,69GGBxA162lTqCwzJG5jLp,['pop'],20382875,82
WILLOW,3rWZHrfrsPBxVy692yAIxF,"['afrofuturism', 'pop', 'post-teen pop', 'pov: indie']",2655911,71
范少勳,3eho4shGNd4Y0WUiZMAAlJ,[],4,16
HEARTSTEEL,4lY2DXvRv9RPeFcUtn6PUh,[],149283,51
Barry Chen,45sDYsh1i1bXB3IRi04MTz,['taiwan hip hop'],6507,31
Duncan Laurence,3klZnJvYGIbWritVwQD434,['dutch pop'],584310,65
詹雯婷,7hmSHY9HVVQKejpGbPbo16,['taiwan singer-songwriter'],37873,46
So Soo Bin,5ghNwcHNesKq0Q3zfK39ic,['korean r&b'],55523,49
Paul Kim,4qRXrzUmdy3p33lgvJEzdv,['korean pop'],282269,53
玖壹壹 洋蔥,5u7KTyLmUDMqSdlENIxL0K,[],133,27
曾博恩,1kZ6lsnX0jUMZ9p8ew8uSx,[],4952,11
YELLOW黃宣,6iUs0Aijnu60VAAf8Aj2YM,"['chinese r&b', 'taiwan indie', 'taiwan pop']",48826,42
JVKE,164Uj4eKjl6zTBKfJLFKKK,"['modern indie pop', 'pov: indie', 'singer-songwriter pop']",4725324,76
Sofia Carson,7bp2lSdh12wcA8LyB1srfJ,['pop'],3657563,72
Michael Seyer,7K4cef9h3NvU7Xb3BH7Ade,"['bedroom pop', 'hypnagogic pop']",130823,44
Sorry Youth,6c4IBMTcnFDhsKHXNSBBvp,"['taiwan indie', 'taiwan pop', 'taiwan punk', 'taiwanese indie']",48344,39
Tate McRae,45dkTj5sMRSjrmBSBeiHym,['pop'],5723433,82
J.Tajor,0VpMOC5IZU06u29fWjv3qJ,[],78192,61
林潔心,3wVMSx6wqCYFZ6Q6vqIFCx,[],5067,29
影子計劃 Shadow Project,4uvymNV7TTy0q47wUKislL,['taiwan hip hop'],19455,33
Fireboy DML,75VKfyoBlkmrJFDqo1o2VY,"['afrobeats', 'nigerian pop']",2959764,71
Trevor Daniel,7uaIm6Pw7xplS8Dy06V6pT,['melodic rap'],836293,65
Marz23,4XBG26mgvzGqT09eopG4d9,"['mandopop', 'taiwan hip hop']",127520,46
Gaeko,0tkHE1pQ5ZCgQb8WZ0ba79,"['k-rap', 'korean r&b']",139343,64
蘇慧倫,0HT1FqSMdbL40XGpLcLnoF,"['classic mandopop', 'mandopop']",67613,39
imase,4TaSvnT5o4REFwhqfrmK27,['japanese teen pop'],718456,64
Elton John,3PhoLpVuITZKcymswpck5b,"['glam rock', 'mellow gold', 'piano rock', 'rock']",13635807,83
Kenji Wu,1MgybycH8k36NX0Ifzlddb,"['mandopop', 'taiwan singer-songwriter']",118532,44
Lana Del Rey,00FQb4jTyendYWaN8pK0wa,"['art pop', 'pop']",38542587,91
Rachel Liang,4rdSHzO4enUlVxdQeHPGTp,['mandopop'],137965,47
吳霏,2q5HrJWKwU4iHaTTSKGZC4,[],3541,29
David Guetta,1Cs0zKBU1kc0i8ypK3B9ai,"['big room', 'dance pop', 'edm', 'pop', 'pop dance']",25990610,90
Wanting,2OC4lXfGEKZkbmRCcf2vTq,['mandopop'],59392,49
Gordi,3AA28KZvwAUcZuOKwyblJQ,"['alternative hip hop', 'modern rock', 'rock']",11993843,80
Nick Jonas,4Rxn7Im3LGfyRkY2FlHhWi,"['dance pop', 'pop']",10031051,63
SEULGI,2QM5S4yO6xHgnNvF0nbZZq,['k-pop'],1137475,54
斑恩Ben,6GuDr0PBkuJF3z0xtcRKcJ,[],27978,44
理想混蛋 雞丁,5gLzM47RVqMDkkFc2CaSon,['taiwan pop'],16922,34
Fan Yi Chen,2Z7qQ1slMaPjLOCXBqshct,['mandopop'],78359,51
Eric Chou,5fEQLwq1BWWQNR8GzhOIvi,['mandopop'],1505019,64
blackbear,2cFrymmkijnjDg9SS92EPM,"['alt z', 'pop']",4971933,74
Stephen Sanchez,5XKFrudbV4IiuE5WuTPRmT,['gen z singer-songwriter'],1505297,75
Power Station,6zCAdMK7SVxKyGMnAc26Cy,"['c-pop', 'mandopop']",247423,53
NICKTHEREAL,1fHw35wWkpOw05sswFSl70,"['mandopop', 'taiwan hip hop']",226458,47
Jaques Morelenbaum,5QdS83aNvQzKgj43VTdY8d,[],7824,46
Big Red Machine,7gXy60xRcwYujBFoYHnR2O,"['eau claire indie', 'folktronica']",160180,53
Madonna,6tbjWDEIzxoDsBA1FuhfPW,"['dance pop', 'pop']",8012537,80
美秀集團,3n16EAnJtz6SZGx2zJssrI,"['mandopop', 'taiwan indie', 'taiwan pop', 'taiwan punk']",177478,49
Evan Yo,7JY6f7uRdLtKSHbHlQXduV,"['mandopop', 'taiwan singer-songwriter']",65336,39
齊翔 XIANG,4Z5zA4xz2K3si2EzO2GbiS,['chinese melodic rap'],13473,38
J. Cole,6l3HvQ5sa6mXTsMTB19rO5,"['conscious hip hop', 'hip hop', 'north carolina hip hop', 'rap']",24227939,85
Dizzy Dizzo,5rEuIFwgGGp7t4b3t8ShJw,['taiwan hip hop'],29974,38
Oliver Tree,6TLwD7HPWuiOzvXEa3oCNe,['alternative hip hop'],2473318,70
Madison Beer,2kRfqPViCqYdSGhYSM9R0Q,['pop'],6858178,74
Pentatonix,26AHtbjWKiwYzsoGoUZq53,"['a cappella', 'viral pop']",3745145,62
LCY吕植宇,3ljANAgbc48080Sgi6BCvI,[],1073,22
Conan Gray,4Uc8Dsxct0oMqx0P6i60ea,"['bedroom pop', 'pop', 'pov: indie']",9958743,78
HYOLYN,78sJswwVn4P8aEhkF4K6fQ,"['k-pop', 'korean r&b']",798554,53
動力火車,6zCAdMK7SVxKyGMnAc26Cy,"['c-pop', 'mandopop']",247423,53
LE SSERAFIM,4SpbR6yFEvexJuaBpgAU5p,['k-pop girl group'],5558248,77
Shakira,0EmeFodog0BfCgMzAIvKQp,"['colombian pop', 'dance pop', 'latin pop', 'pop']",34056123,86
Simon Dominic,57W9ikVc6O2wLDtmclSjvN,"['k-pop', 'k-rap', 'korean r&b']",472681,47
MINGYU,5gUpo0BRmo6EOTbyU3z5Ay,[],299486,49
Ella Henderson,7nDsS0l5ZAzMedVRKPP8F1,"['dance pop', 'pop dance', 'talent show', 'uk pop']",1628525,73
Ali Gatie,4rTv3Ejc7hKMtmoBOK1B4T,['canadian hip hop'],2084942,66
iKON,5qRSs6mvI17zrkJpOHkCoM,"['k-pop', 'k-pop boy group']",3285319,58
MAO,6EKzehEG2fwJtRMH4KbjsA,['jawaiian'],218438,62
郭靜,6OiFtK426XJWnOJ2HYlSbf,['mandopop'],171517,44
王謙Goatak,1CH4dO170qpIfqWdndWoUx,['taiwan hip hop'],13658,33
MAMAMOO+,0XATRDCYuuGhk0oE7C0o5G,"['k-pop', 'k-pop girl group']",7338719,60
Monica,6nzxy2wXs6tLgzEtqOkEi2,"['contemporary r&b', 'hip pop', 'r&b', 'urban contemporary']",2607276,65
曹雅雯,4S2fK8EvpTnOLTfrMwBThz,['hokkien pop'],19520,33
Janet Suhh,5xhVZ42ABidt3DS9HJ5Uzm,['korean ost'],41990,43
Ricky Hsiao,0E6oEhZZtQvj811iXQFLrB,"['mandopop', 'taiwan singer-songwriter']",247049,52
Choi Yu Ree,6qvVoPGEqNCyYSjYCgfV1v,['korean singer-songwriter'],56190,49
EXID,1xs6WFotNQSXweo0GXrS0O,"['k-pop', 'k-pop girl group']",1493253,51
LAY,4o7tWrzQOqarDtTMWD2HV9,"['chinese electropop', 'chinese idol pop', 'k-pop']",1523203,55
ECLIPSE,5Nw7qx3NoHzpw59WYcJTve,[],245398,64
Phil Chang,7g65zUBhUAbiu4pAcoyWRd,"['classic mandopop', 'mandopop']",265222,49
en,5t5FqBwTcgKTaWmfEbwQY9,"['anime', 'k-pop boy group']",9563464,81
Tove Lo,4NHQUGzhtTLFvgF5SZesLK,"['dance pop', 'metropopolis', 'pop', 'swedish electropop', 'swedish pop', 'swedish synthpop']",3612931,74
Teezo Touchdown,0fGcIStdT1OpFFhOC7Wp36,[],283190,65
林美秀,4raETyX2cN5RazteTR1FMT,['classic mandopop'],21100,36
Jessi,0VMFTqmv0hYlWruyBERT95,['singer-songwriter pop'],307674,58
Aimer,0bAsR2unSRpn6BQPEnNlZm,"['anime', 'anime rock', 'j-pixie', 'j-pop', 'j-poprock']",2506406,66
Gentle Bones,4jGPdu95icCKVF31CcFKbS,['singaporean pop'],89294,48
Nicki Minaj,0hCNtLu0JehylgoiP8L4Gh,"['hip pop', 'pop', 'queens hip hop', 'rap']",32057770,85
Morrison 馬仕釗,1M9G5HbEeGkueCTaHNsGUN,[],1073,24
Måneskin,0lAWpj5szCSwM4rUMHYmrr,"['indie rock italiano', 'italian pop']",9523325,80
Dreamcatcher,5V1qsQHdXNm4ZEZHWvFnqQ,"['k-pop', 'k-pop girl group']",1378825,61
Evangeline Wong,7sEIHkZXRzGa3OBUCCxzU5,['mandopop'],35729,35
Diiton,4igBpYxC0VLHP0Cz2BH2dQ,['chinese melodic rap'],4037,23
BENEE,0Cp8WN4V8Tu4QJQwCN5Md4,"['alt z', 'nz pop']",799460,63
Dhruv,70NcAr4ZtA3FAqU16iQZSb,['nyc pop'],667788,68
Xiao Yu,7In8YZ3XHuwSNUTEyIO0HA,"['mainland chinese pop', 'mandopop', 'taiwan singer-songwriter']",137341,42
林凡,1YmWActCNjKmuIz1TSgSRx,['mandopop'],75413,39
Ashin Chen,6H93wOohK6r1MwGh41Z4Nb,['taiwan pop'],16393,49
张韶涵,4txug0T3vYc9p20tuhfCUa,['mandopop'],542470,52
羅莎莎,1GJczlq7jHvBRPikGrd7hF,"['taiwan pop', 'taiwan singer-songwriter']",4303,24
Will Pan,7fCFxj1GCRqwFZEP4iJRw0,['mandopop'],317706,48
Ciara,2NdeV5rLm47xAvogXrYhJX,"['dance pop', 'hip pop', 'pop', 'r&b', 'urban contemporary']",6659610,70
Lil Baby,5f7VJjfbwm532GiveGC0ZK,"['atl hip hop', 'atl trap', 'rap', 'trap']",18276918,86
Anni Hung,3ZlBKjbfPWDT0RUWTpWzwv,['taiwan pop'],24444,37
Ado,6mEQK9m2krja6X1cfsAjfl,['japanese teen pop'],4843300,75
Feng Ze,6QYehwA9q6UQEMs1Vak0uy,"['singaporean mandopop', 'singaporean singer-songwriter', 'taiwan pop']",56578,47
HOMIES,3PpfvyyncoZ79IgYe0Uls0,"['k-rap', 'korean underground rap']",84849,46
Boon Hui Lu,6PWJWwEm8BSBFAIAUWlwe4,"['mandopop', 'singaporean mandopop', 'singaporean pop', 'singaporean singer-songwriter']",61851,37
NCT 127,7f4ignuCJhLXfZ9giKT7rH,"['k-pop', 'k-pop boy group']",7470561,70
方雅賢,0wbEikfOBXpkEOVRFeNG0Z,[],481,31
V,3JsHnjpbhX4SnySpvpa9DK,"['j-division', 'korean ost']",18628905,82
Zoe Wees,03d2mJXSMtuPI0nIvLnhoS,['german pop'],487462,65
JxW,3rHcBT06Vb1XGVUWhDALZt,[],425279,49
Daniel Chu,20wkVLutqVOYrc0kxFs7rA,['canadian contemporary r&b'],6362850,81
Marshmello,64KEffDW9EtZ1y2vBYgq8T,"['brostep', 'edm', 'pop', 'progressive electro house']",33755602,83
Aqua,6kBjAFKyd0he7LiA5GQ3Gz,"['bubblegum dance', 'eurodance', 'europop']",632233,66
八三夭劉逼,4dRar9dX3cIdEhVGBrenfL,[],16,10
Justin Bieber,1uNFoZAHBGtllmzznpCI3s,"['canadian pop', 'pop']",76626180,89
Maren Morris,6WY7D3jk8zTrHtmkqqo5GI,"['classic texas country', 'contemporary country']",818692,70
Eve,58oPVy7oihAEXE0Ott6JOf,"['anime', 'anime rock']",2356463,67
Polo G,6AgTAQt8XS6jRWi4sX7w49,"['chicago rap', 'rap']",11651917,80
魏嘉瑩 Arrow Wei,5JIZFQ7EMAp257CdzKemXO,"['taiwan pop', 'taiwan singer-songwriter']",23122,33
Midories,3y1b2eef2HLeYyqFJLtH4p,['kodomo no ongaku'],1419,42
W.M.L,5PeVQEj4Yr0TB9CuG83dPB,"['chinese hip hop', 'taiwan pop']",23223,42
時代少年團,6I36DXLxkJxYeq82tDH4zz,['chinese idol pop'],130802,46
Shinsei Kamattechan,1ZnuqrjIR4q8zhgriUYsSo,['japanese alternative rock'],167889,52
Don Toliver,4Gso3d4CscCijv0lmajZWs,['rap'],4760080,85
CKay,048LktY5zMnakWq7PTtFrz,"['afro r&b', 'afrobeats']",1509755,68
Epik High,5snNHNlYT2UrtZo5HCJkiw,"['k-pop', 'k-rap', 'korean old school hip hop']",744052,55
AURORA,1WgXqy2Dd70QQOU7Ay074N,"['art pop', 'norwegian pop']",3759136,74
Giveon,4fxd5Ee7UefO4CUXgwJ7IP,['r&b'],3986927,76
Clon,7MdlXmq2HViAJWo9cf30sR,['tech house'],160011,60
Fish Leong,3aIDSTKS9yH745GUQBxDcS,"['malaysian mandopop', 'mandopop']",880268,58
YOARI,4ZkANOMMrOlj63PVZszKme,[],63645,49
張瀚中,0E1v4mBbVmoZIyEVcUhqt5,[],43,13
HWASA,7bmYpVgQub656uNTu6qGNQ,"['k-pop', 'korean talent show']",5112347,60
溫室雜草,6DZ6tvZTWTDO1vEBvUYfbP,['taiwan pop'],43456,35
Tainy,0GM7qgcRCORpGnfcN2tCiB,"['pop reggaeton', 'reggaeton', 'trap latino', 'urbano latino']",2242487,78
Solar,5uCktjKM1Rf9VnUvFD6j17,['substep'],10557,30
GBOYSWAG,2QOj4jFuDei3DWSkDHfWTm,"['chinese electropop', 'mandopop', 'taiwan pop']",23109,32
李千娜,3iGNpRQH6ei188rHVvwytb,['mandopop'],19753,42
Daven Wu,1ozUFRkT8GzwGMFKm80fs8,['chinese viral pop'],5954,46
魚丁糸,4TGQEYGf6Pu4tpMNGQ4tOR,['chinese indie'],71038,22
Ren Ran,6f4srX54JFrLNK4aTJe2Sc,['mainland chinese pop'],414008,58
陳華,5ZxRmJ21NzjxD2ZGBxi7um,"['taiwan pop', 'taiwan singer-songwriter']",36876,50
Jay Park,4XDi67ZENZcbfKnvMnTYsI,"['k-pop', 'k-rap', 'korean r&b']",2112201,66
Rainbow Chan,1tQUVWgrAbVlla78VYcFjy,"['australian alternative pop', 'australian indie']",3736,10
James Gillespie,6wlk4iqaEgEvADMVG6QMd8,"['indie anthem-folk', 'uk pop']",86140,43
Anderson .Paak,3jK9MiCrA42lLAdMGUZpwa,"['escape room', 'hip hop', 'indie soul', 'neo soul']",2558516,78
TroutFresh,78IEFKJN8gQgJM1WOvt2Tl,"['mandopop', 'taiwan hip hop']",78323,38
WENDY,0FRUZvZNPzM3YJMABJxf2K,"['k-pop', 'korean pop']",934437,56
多多 x 以捷,25vtw3bkiKz9nbo7vl6qqY,[],7520,28
Bing Crosby,6ZjFtWeHP9XN7FeKSUe80S,"['adult standards', 'easy listening', 'lounge']",526342,55
831,3TtgOeQcNkf9WVDA4xPBJM,"['mandopop', 'taiwan idol pop']",321324,50
ロクデナシ,4kpQdAU7yPjqtiJsFcBTBb,['japanese viral pop'],274934,61
YG,0A0FS04o6zMoto8OKPsDwY,"['cali rap', 'hip hop', 'pop rap', 'rap', 'southern hip hop', 'trap']",3326984,73
Trippie Redd,6Xgp2XMz1fhVYe7i6yNAax,"['melodic rap', 'rap', 'trap']",9732919,80
MAMAMOO,0XATRDCYuuGhk0oE7C0o5G,"['k-pop', 'k-pop girl group']",7338719,60
Mufasa & Hypeman,4L2dV3zY7RmkeiNO035Fi0,['pop dance'],17541,61
asiatic.wav,3tGCfr3ALXtQrYHPOm9OTx,[],2209,40
KnowKnow,5RDc1XN9Dj5KcNGPMEhtzN,"['chinese hip hop', 'sichuanese hip hop']",55151,44
Mayday,3WfJ1OtrWI7RViX9DMyEGy,"['neon pop punk', 'pop punk']",1358580,59
呂允,0IOTVYHqENzrhSgJQmIkE9,[],8874,39
ASMRZ,660U1sbp7uNWcb2BYcQHAK,[],8993,42
大泫,3mpbX209GwoScDJLVLRHk9,['chinese viral pop'],4885,44
木曜4超玩,4HnZGrkfPjxJPqA4403a2i,[],2206,11
Tones And I,2NjfBq1NflQcKSeiDooVjY,['australian pop'],2946036,70
joysaaaa,57BQpa68l2PMgP30MTulze,['chinese viral pop'],19119,45
Coldplay,4gzpq5DPGxSnKTe4SA8HAU,"['permanent wave', 'pop']",52479985,90
Della,63qOOnxbI8rVgpakjpnFBp,[],21399,32
BIGBANG,4Kxlr1PRlDKEB0ekOCyHgX,"['k-pop', 'k-pop boy group']",4902007,65
Girls' Generation,0Sadg1vgvaPqGTOjxu0N6c,"['k-pop', 'k-pop girl group']",2527466,63
賤葆,31KPxfm4JE098pu7SBzmEz,[],189,26
James Arthur,4IWBUUAFIplrNtaOHcJPRM,"['pop', 'talent show', 'uk pop']",18037700,81
ERIKA,3cuZA22vz0nToT0LAcecup,['taiwan pop'],6058,24
(G)I-DLE,2AfmfGFbe0A0WsTYm0SDTx,['k-pop girl group'],9518983,75
TOMORROW X TOGETHER,0ghlgldX5Dd6720Q3qFyQB,"['k-pop', 'k-pop boy group']",10380822,78
milet,45ft4DyTCEJfQwTBHXpdhM,['j-pop'],829871,64
Say Yes!,7sPKpBhx7fwPp9wMGYvQJI,['k-pop boy group'],5681,34
The Fontane Sisters,1Ml4OuStDoympbREURAM15,"['deep adult standards', 'vocal harmony group']",14634,37
阿克江Akin,1t741fUiSCGyoWPoknIi4U,['chinese electropop'],7061,21
220 KID,4Euia7UzdRshy1DJOSMTcs,['uk dance'],25682,56
Mokita,3sKeaby6GMSJWgYueZaSjE,"['chill pop', 'singer-songwriter pop']",207734,57
HUSH,1AEMtlWO4qP2j3SndDRvMB,['indonesian shoegaze'],437,5
Yappy,28G5rtbvCmWsjyp5G6LwMe,['taiwan hip hop'],7031,32
陈壹千,21pP8kvWpNCDhy2fMOTOAf,['chinese viral pop'],5514,40
Tizzy T,1ShC8iSQrfdxlSbtIXfCaa,['chinese hip hop'],51834,45
Young Thug,50co4Is1HCEo8bhOyUWKpn,"['atl hip hop', 'atl trap', 'gangster rap', 'melodic rap', 'rap', 'trap']",10266249,83
郁心,6oSrOOypJcKXWe5OnGO2yw,['japanese r&b'],20173,42
Snoop Dogg,7hJcb9fa4alzcOq3EaNPoG,"['g funk', 'gangster rap', 'hip hop', 'pop rap', 'rap', 'west coast rap']",12336997,82
Normani,2cWZOOzeOm4WmBJRnD5R7I,"['pop', 'r&b']",2751088,69
RIIZE,2jOm3cYujQx6o1dxuiuqaX,['5th gen k-pop'],870808,69
Lady Gaga,1HY2Jd0NmPuamShAr6KMms,"['art pop', 'dance pop', 'pop']",30970792,86
ヴィヴィ(Vo.八木海莉),0yJlj2EYshHk9BWkEAR15k,['anime'],17551,35
John Lennon,4x1nvY2FN8jxqAFA0DA02H,"['classic rock', 'rock']",6115513,69
MC HotDog,4maR8o69pil8CrclOiFVVW,"['mandopop', 'taiwan hip hop']",135143,47
LINION,26OkmynS2y6LiuUWz3yeqT,"['chinese r&b', 'mandopop', 'taiwan pop', 'taiwan singer-songwriter']",32095,35
Janice Yan,3r5bFY2H54Y0YGIDzAo1xp,['mandopop'],75322,40
Jennifer Hudson,35GL8Cu2GKTcHzKGi75xl5,"['dance pop', 'r&b', 'urban contemporary']",1993309,55
Steve Chou,1Qneon4tYZ7srVOU91bTsO,"['classic mandopop', 'mandopop']",150694,47
邹沛沛,4ST2uUeBAbGgmskBWYRB8S,[],10443,46
Bella Poarch,26cMerAxjx9GedFt0lMDjm,['modern alternative pop'],1316126,61
潘麗麗,2hJxcuFTgP89GdmCVXfXyi,"['mandopop', 'singaporean mandopop']",18120,29
沙宝亮,4ef3Gqwh0lqBGVWcmNIThQ,[],2011,24
Leehom Wang,2F5W6Rsxwzg0plQ0w8dSyt,"['mandopop', 'taiwan pop']",850407,56
LaLa Hsu,3dI4Io8XE33J2o04ZwjR0Y,"['mandopop', 'taiwan singer-songwriter']",562266,54
Rain,4hz8tIajF2INpgM0qzPJz2,['pov: indie'],1168692,70
Jaymes Young,6QrQ7OrISRYIfS5mtacaw2,['indie poptimism'],947575,66
Layton Wu,02ZtVIjKL1PYLlMmP1sz0h,['pop r&b'],537780,54
Kelsea Ballerini,3RqBeV12Tt7A8xH3zBDDUF,"['contemporary country', 'country']",1187788,70
James Bay,4EzkuveR9pLvDVFNx6foYD,"['neo mellow', 'pop', 'uk pop']",4019945,70
24kGoldn,6fWVd57NKTalqvmjRd2t8Z,"['cali rap', 'pop rap']",2237078,70
Ozone,5M5PjPSiKeXynM6Ohu350r,"['eurodance', 'europop', 'moldovan pop']",132912,57
Jolin Tsai,1r9DuPTHiQ7hnRRZ99B8nL,['mandopop'],1025427,59
9m88,4PjY2961rc0MHE9zHYWEnH,"['chinese r&b', 'mandopop', 'taiwan pop']",135504,46
Ryuichi Sakamoto,1tcgfoMTT1szjUeaikxRjA,"['compositional ambient', 'japanese classical', 'japanese contemporary classical', 'japanese soundtrack']",976526,62
Gwen Stefani,4yiQZ8tQPux8cPriYMWUFP,"['dance pop', 'pop']",6577719,73
LEO37,1K4p8nRSSUoO6e3Npn77U6,['taiwan hip hop'],1966,17
Jasmine Thompson,2TL8gYTNgD6nXkyuUdDrMg,['viral pop'],872396,65
KAROL G,790FomKkXshlbRYZFtlgla,"['reggaeton', 'reggaeton colombiano', 'trap latino', 'urbano latino']",49334976,91
NIKI,2kxP07DLgs4xlWz8YHlvfh,['indonesian r&b'],4390162,77
希有樂團 SHI's Band,0kL1KcSDxMjRrZ3fbi9ukA,[],115,20
Gracie Abrams,4tuJ0bMpJh08umKkEXKUI5,['alt z'],2213215,83
tuki.,1Y5vJqABeI6QI6R95EDV6o,[],219781,65
ROSÉ,3eVa5w3URK5duf6eyVDbu9,['k-pop'],6840986,64
怕胖團 閃亮,0kh5zrvVQJ1xnvemx66K0g,[],51,4
Teddy Swims,33qOK5uJ8AR2xuQQAhHump,[],2713220,83
ycccc,7cgkVoa2x2YllMh2D3xGCV,['chinese viral pop'],5975,39
Amanda Reifer,1PpDfXOUG7gxUjR1quWnwp,['barbadian pop'],14017,58
DJ小鱼儿,79YheaUhswPVZjntvKn0aG,[],5772,36
尋人啟事The Wanted,7FNSvrE4X5hb2C6pYN0skP,[],6358,15
LBI利比,1xMn0bhYRWHDV01mU8gP1J,['chinese viral pop'],42371,53
Sandeul,2QeJBmgBdpH4i3uJns5Rdx,['korean pop'],90001,41
Joe Won Sun,2rbcCyEKbnxdEukZHHGnby,['k-rock'],2539,40
竇智孔,0ovewqNmkiEZaXqDawcZPM,[],969,26
Everton Nelson,3uirG8XMhBhvbdb9adqYMf,[],520,43
Band Aid,35S20clEkkSNUo23ViaslZ,['musical advocacy'],31952,36
李大奔,5sF2WUeEL2qiV03Vym3727,['chinese hip hop'],11305,36
Jason Wang,51ebLrYm2zzhVTz56XR57C,['hokkien pop'],11800,29
琳誼 Ring,4piQadI6uXO5CUcQ3FJuDt,['taiwan pop'],11762,32
Erykah Badu,7IfculRW2WXyzNQ8djX8WX,"['afrofuturism', 'alternative r&b', 'neo soul', 'r&b']",2944176,67
Mallrat,4OSArit7O2Jaj4mgf3YN7A,"['aussietronica', 'australian indie', 'brisbane indie']",219735,51
NCT DREAM,1gBUSTR3TyDdTVFIaQnc02,['k-pop boy group'],7807843,73
Nan Quan Mama,48Smhc0ISwYYRSad1uXSns,['mandopop'],36543,43
RADWIMPS,1EowJ1WwkMzkCkRomFhui7,"['j-pop', 'j-rock', 'visual kei']",4082527,72
TWICE,7n2Ycct7Beij7Dj7meI4X0,"['k-pop', 'k-pop girl group', 'pop']",20597275,79
Leo王,2qk9voo8llSGYcZ6xrBzKx,"['modern rock', 'rock']",5424684,77
Joker Xue,1cg0bYpP5e2DNG0RgK2CMN,['mandopop'],995456,59
Sammy Chang,1hXjTjJzZTXDZ75AclOo6N,"['album rock', 'classic rock', 'glam metal', 'hard rock', 'rock']",963870,52
BOYS PLANET,49pGKUCSjzaCfv8gdTWG98,"['5th gen k-pop', 'k-pop boy group']",171585,44
Jeremy Zucker,3gIRvgZssIb9aiirIg0nI3,"['alt z', 'electropop', 'pop']",2268146,68
HYEIN,01BBFQPvi8ywBqHPzWzoyU,[],15084,39
The Crane,5U6leWxYKsuTkd4kXcF1a6,"['grand rapids indie', 'michigan indie', 'pov: indie']",269646,61
SOYOU,3b4kLCI0ZJW47TFsNRqgCb,['k-pop'],355174,52
Carla Bruni,1HVwzNriKEjaeE06okqSpx,['chanson'],540567,60
Hiroyuki Sawano,0Riv2KnFcLZA3JSVryRg4y,"['anime score', 'japanese soundtrack']",582073,64
GOT7,6nfDaffa50mKtEOwR8g4df,"['k-pop', 'k-pop boy group']",6557603,58
TAEMIN,13rF01aOogvnkuQXOlgTW8,['k-pop'],3011168,63
DeVita,5PS3ZZE5bBiZ3Ct9HiRG2B,['korean r&b'],126598,52
FIFA Sound,5C01hDqpEmrmDfUhX9YWsH,['football'],183283,58
Lee Mujin,4Xj0peBt3EZHbdF20JmdWC,[],191885,53
大橋三重唱,5BANJdBRihIaUpzjqAec7E,['j-acoustic'],165995,43
Showmaîn,3Z0hrO5NvALfcVK5hk79CJ,[],15642,40
小蓝背心,7BigRJ5hTHHqFW6TbsR8xl,['chinese viral pop'],28244,41
ISÁK,5sXaGoRLSpd7VeyZrLkKwt,"['indie folk', 'pop folk', 'stomp and flutter', 'stomp and holler']",933509,69
Harry Styles,6KImCVD70vtIoJWnq6nGn3,['pop'],32808215,84
Pei-Yu Hung,0rARfHZ4ZteUlzbAuxUwAs,"['mainland chinese pop', 'mandopop', 'taiwan pop']",32202,46
Sabrina Carpenter,74KM79TiuVKeVCqs8QtB0B,['pop'],11240399,90
Pets Tseng,1he19XnDUahODrmRwKlC8w,['mandopop'],61842,45
Matzka,2UqJqFqLbXtMZKN5QAfing,"['chinese reggae', 'mandopop', 'taiwan pop', 'taiwanese indigenous music']",38665,37
TAEYEON,3qNVuliS40BLgXGxhdBdqu,['k-pop'],2896847,65
Bii,6qqNVTkY8uBg9cP3Jd7DAH,"['art pop', 'pop']",97961320,95
Hebe Tien,14bJhryXGk6H6qlGzwj3W5,['mandopop'],943470,54
Hoshimachi Suisei,726WiFmWkohzodUxK3XjHX,['japanese vtuber'],383163,63
WINTER,15S89CUJtshT2P7WIa2M5l,['irish indie'],58330,52
Vera Chai,5kVplRVD7ap9f1dpWln6Mf,[],505,14
老王樂隊,4MRQK5pLyNbcOW493n55iT,"['mandopop', 'taiwan indie', 'taiwan pop']",169377,41
郑润泽,6KKqrrPtPB4eR1T5DT6dJ4,['chinese viral pop'],50098,51
Jessie Reyez,3KedxarmBCyFBevnqQHy3P,"['canadian contemporary r&b', 'canadian pop']",1416626,66
Candy Lo,51ZbCFgOspWvhBjd1DUYEV,['cantopop'],97511,46
KANGDANIEL,5vGoWnZO65NBgiZYBmi3iW,['k-pop'],865179,47
KVNLOVERBOY,0Vvb3Qf1HoNB6k17tjzF1q,[],170,18
MINNIE,2i1IdHG5w0wiSmJGoqAGlj,"['classic soul', 'disco', 'funk', 'motown', 'quiet storm', 'soul']",409505,52
KAI,6iVo62B0bdTknRcrktCmak,['k-pop'],1514122,59
Winona Oak,3XC57xz74X3xUi1hv4mge1,['swedish pop'],126850,51
Hosea,0wol98NPVvY4Q4wT6yZWGY,['chinese melodic rap'],2621,38
JC 陳詠桐,757epCpvbpqyBoMMzbIC3g,"['cantopop', 'mandopop']",50770,45
iann dior,6ASri4ePR7RlsvIQgWPJpS,['melodic rap'],1859385,71
Frank Sinatra,1Mxqyy3pSjf8kZZL4QVxS0,"['adult standards', 'easy listening', 'lounge']",7338153,76
劉學甫,4fQhjXVVGKPG7K1SYFWjpH,['chinese r&b'],895,17
K-391,6pWcSL9wSJZQ9ne0TnhdWr,"['gaming edm', 'nordic house']",384141,64
程响,0EZ1dmFa27KXSwDwcZKT1O,['chinese viral pop'],48669,50
Aaron Yan,3rRfC7TqmIAjmSxLcadqe1,"['mandopop', 'taiwan idol pop']",47094,29
Kang Seung Yoon,2Ip3x4XtEEhlGg8qI146jL,['korean pop'],146115,34
UPSAHL,1294QqYm1VuxxjRiL9M0h9,"['alt z', 'modern indie pop']",379852,58
Jony J,2ISiyx4DLCMAMBCvPesCoq,"['russian dance', 'russian pop']",1709679,62
Ray 黃霆睿,2qRV9YtZuf2FuKWj23cPL4,[],3132,24
Pop Smoke,0eDvMgVFoNV3TpwtrVCoTj,"['brooklyn drill', 'hip hop', 'rap']",14426165,79
沈以誠,1WrIe6XUiiU9KovVimwqpE,['chinese singer-songwriter'],26120,43
Gen Hoshino,1S2S00lgLYLGHWA44qGEUs,"['j-acoustic', 'j-pop', 'japanese singer-songwriter']",1967213,61
NMIXX,28ot3wh4oNmoFOdVajibBl,"['k-pop', 'k-pop girl group']",2989662,68
KIDDO,5pXe6yFchq1oyYK3rq2A8i,['scandipop'],27620,60
Abin Fang,3sHU5vwszRfnJNhvcYNZdS,"['malaysian mandopop', 'mandopop']",22227,47
Dizparity,0DYcDpgiVTcXJszxcswVce,"['chinese electropop', 'taiwan electronic']",2351,16
阿部瑪利亞,30lJaCS03ds40lQ2W9OKmv,[],1862,9
Soushi Sakiyama,1IEretLePzJKj8R6KCEaBA,['japanese alternative pop'],105359,50
薛黛霏,0fLivg5vGTdOb0tymkmjUY,[],469,35
Alec Benjamin,5IH6FPUwQTxPSXurCrcIov,"['alt z', 'pop', 'pov: indie']",5182703,74
ILLIT,36cgvBn0aadzOijnjjwqMN,['5th gen k-pop'],1332818,73
Penny Tai,0qmPs7q4bykvrS8NMZk7ud,"['malaysian mandopop', 'mandopop', 'taiwan singer-songwriter']",292897,48
Lewis Capaldi,4GNC7GD6oZMSxPGyXy4MNB,"['pop', 'uk pop']",12714079,79
JEON SOMI,7zYj9S9SdIunYCfSm7vzAR,['k-pop'],2769821,62
J Balvin,1vyhD5VmyZ7KMfW5gqLgo5,"['reggaeton', 'reggaeton colombiano', 'trap latino', 'urbano latino']",36954262,87
TAEYANG,6udveWUgX4vu75FF0DTrXV,"['k-pop', 'korean r&b']",1428274,63
Tommy Richman,1WaFQSHVGZQJTbf0BdxdNo,['chill abstract hip hop'],647992,82
Drake,3TVXtAsR1Inumwj472S9r4,"['canadian hip hop', 'canadian pop', 'hip hop', 'pop rap', 'rap']",90862590,95
Gryffin,2ZRQcIgzPCVaT9XKhXZIzh,"['edm', 'pop dance']",962605,68
Diplo,5fMUXHkw8R8eOP2RNVYEZX,"['dance pop', 'edm', 'electro house', 'moombahton', 'pop dance']",2656487,78
NAYEON,1VwDG9aBflQupaFNjUru9A,['k-pop'],2267648,69
Mae Stephens,311uEW9rt5g2NmzjGEKS2E,['singer-songwriter pop'],177696,63
Shirley Chen,5hrUVXJsPParZB87QtAz1R,['gospel'],197629,39
Shenseea,1OFOShsIbhy1l5x73yuVyB,"['dancehall', 'dancehall queen']",815573,68
Limi,2SPIThivWqjfsjlYPNxYX9,['dark r&b'],45121,58
星野,1S2S00lgLYLGHWA44qGEUs,"['j-acoustic', 'j-pop', 'japanese singer-songwriter']",1967213,61
Fang Wu,2GluLnUHh09d9sUXwpoMJu,"['mandopop', 'taiwan singer-songwriter']",50155,31
A Boogie Wit da Hoodie,31W5EY0aAly4Qieq6OFu6I,"['melodic rap', 'rap', 'trap']",8376295,78
Dena,1WjexdTcXHgvlVIPCE8D1Q,[],333,38
Kygo,23fqKkggKUBHNkbKtXEls4,"['edm', 'pop', 'pop dance', 'tropical house']",8418735,81
Dean Lewis,3QSQFmccmX81fWCUSPTS7y,"['australian pop', 'pop']",3276096,75
YUGYEOM,3ohXmy1PGdB3XgzhPqQ0tY,[],428698,50
K.A咔咔,6We6C4fsLVl4StYXnNeZJL,['chinese melodic rap'],1005,19
Hua Chen Yu,7v7bP8NfcMYh4sDADEAy6Z,['chinese hip hop'],168024,44
parkjiyoon,2NVYd7nCno3gh2Bz9pWtfi,['classic k-pop'],37661,43
吳青峰,5a5vu4RzsAHdKN0aYyblZ8,"['mandopop', 'taiwan singer-songwriter']",283556,46
黃于恩 溫妮,1ltKsoaLwfE3DJhrtKUWXJ,[],4016,20
蛋堡,3Xp3DA50zRP4TYOtNR7k1T,"['mandopop', 'taiwan hip hop', 'taiwan pop', 'taiwan singer-songwriter']",162696,46
陶晶瑩,3YZU8HQWGJEAlNIhTK6UKT,"['classic mandopop', 'mandopop', 'taiwan pop']",32524,40
Nipsey Hussle,0EeQBlQJFiAfJeVN2vT9s0,"['conscious hip hop', 'gangster rap', 'hip hop', 'pop rap', 'rap', 'southern hip hop', 'trap']",3463717,67
DIOR 大穎,0czbvTRVGHfCdRsJLxbBGQ,[],12798,53
Rema,46pWGuE3dSwY3bMMXGBvVS,"['afrobeats', 'nigerian pop']",5053196,78
*NSYNC,6Ff53KvcvAj5U7Z1vojB5o,"['boy band', 'dance pop', 'pop']",2526871,77
TIA RAY,70paW48PtCtUjtndElrjrL,"['chinese jazz', 'mainland chinese pop']",85543,45
Escape Plan,4y4uRSNiwurNnkWn9I0z7R,['corrido'],14112,47
Rauw Alejandro,1mcTU81TzQhprhouKaTkpq,"['puerto rican pop', 'reggaeton', 'trap latino', 'urbano latino']",22860417,89
Tiger JK,11S00dFcvNvJahis8MTGMD,['k-rap'],51492,53
艾蜜莉AMILI,2yphKbezBLHQNhrVEA4Uup,['chinese melodic rap'],18681,39
Kenny Loggins,3Y3xIwWyq5wnNHPp5gPjOW,"['album rock', 'classic rock', 'mellow gold', 'new wave pop', 'singer-songwriter', 'soft rock', 'yacht rock']",1109551,67
ASTN,7zkwepHPyac6tCYl0fL0co,['bedroom soul'],308141,55
HUH YUNJIN,13yWtUnz63q5VIs5SwoMhy,[],716831,62
唐貓 SUGARCAT,4aWERTpHN8Z4OEtq9hcLR9,"['chinese electropop', 'taiwan pop']",23412,39
沒有才能,520jt7VsRdtgRbwag2zxd7,"['taiwan hip hop', 'taiwan pop']",10077,28
Daniel Caesar,20wkVLutqVOYrc0kxFs7rA,['canadian contemporary r&b'],6362850,81
Dynamicduo,4nvFFLtv7ZqoTr83387uK4,"['k-rap', 'korean r&b']",227234,55
黃昺翔,2t2aS6CYKM4pgQ1CEgqaDm,[],96,9
Clean Bandit,6MDME20pz9RveH9rEXvrOM,"['pop', 'uk dance', 'uk funky']",5509965,75
IZ*ONE,5r1tUTxVSgvBHnoDuDODPH,"['k-pop', 'k-pop girl group']",2246031,60
Solkatt,1G79HjKLqjevxhllvfICNl,[],20343,38
Firdhaus,6fOqdhRNsMQqtwRwgo3NUv,['malaysian mandopop'],56956,62
EXO,3cjEqqelV9zb4BYE3qDQ4O,"['k-pop', 'k-pop boy group']",9446498,68
Chelsea Cutler,5JMLG56F1X5mFmWNmS0iAp,['alt z'],714229,64
Nam Joohyuk,69ybhMoBUPmIcH4MyDARDv,[],4069,42
黃禮格,3VTDEKywxLJxC3WXJIGVGu,['chinese melodic rap'],3985,45
MINO,07PiZYrhllpSXtELkUxlrf,"['dc hardcore', 'hardcore punk', 'punk', 'straight edge']",370905,53
Wiz Khalifa,137W8MRPWKqSmrBGDBFSop,"['hip hop', 'pittsburgh rap', 'pop rap', 'rap', 'southern hip hop', 'trap']",11164883,81
YENA,49muoiIu4uea4PO8vueUNN,[],610901,51
Rita Ora,5CCwRZC6euC8Odo6y9X8jr,"['dance pop', 'pop', 'uk pop']",8370920,72
Linked Horizon,3eNYrVLcWfjJ9JdH9kiPJO,"['anime', 'otacore']",355650,59
Kimberley Chen,1dVbVQZjRGDjQmHD8oiS8k,['mandopop'],168667,47
Gunna,2hlmm7s2ICUX0LVIhVFlZQ,"['atl hip hop', 'melodic rap', 'rap', 'trap']",7798940,86
Cui Jian,1YwBQZlsK015NpwaF8gpd9,"['c-pop', 'chinese indie rock', 'classic mandopop']",48224,28
SUMIN,0K4MGKGmjtdIE0W3GkGmyU,"['korean city pop', 'korean electropop', 'korean r&b']",72198,50
Imagine Dragons,53XhwfbYqKCa1cC15pYq2q,"['modern rock', 'pop', 'rock']",53945441,88
DOYOUNG,5IMXUzbeAyevQmvtOhXQGi,['k-pop'],795341,58
Takuya Kuroda,4DbVGBurfbrdLW2ZwfwdmP,"['contemporary jazz', 'indie jazz', 'japanese jazz']",126823,39
77Ke 柯棨棋,2O7SMn3bTBCSb4sNglNkcJ,[],4082,23
Gordon Flanders,2yMjXqAPoOehNikcWBRdfD,['chinese r&b'],12086,34
Smrtdeath,4NYeChhB65zL0ywl4rHmSk,"['canadian trap', 'cloud rap', 'dark trap', 'emo rap']",108083,36
Swedish House Mafia,1h6Cn3P4NGzXbaXidqURXs,"['edm', 'pop dance', 'progressive electro house']",3817266,76
Red Velvet,1z4g3DjTBBZKhvAroFlhOM,"['k-pop', 'k-pop girl group']",9183128,73
Dr. Dre,6DPYiyq5kWVQS4RGwxzPC7,"['g funk', 'gangster rap', 'hip hop', 'rap', 'west coast rap']",12176198,80
Fujii Kaze,6bDWAcdtVR3WHz2xtiIPUi,['japanese teen pop'],3446819,72
Imanbek,5rGrDvrLOV2VV8SCFVGWlj,"['electro house', 'pop dance', 'slap house']",243776,70
Jonas Blue,1HBjj22wzbscIZ9sEb5dyf,"['pop', 'pop dance', 'tropical house', 'uk dance']",3762246,73
Victor Ma,4N5fp4zhTsVITZTVfsXpc2,"['latin pop', 'modern salsa', 'salsa', 'salsa peruana', 'salsa puertorriquena', 'tropical']",1970196,64
Kali Uchis,1U1el3k54VvEUzo3ybLPlM,['colombian pop'],7723710,84
TRASH,3rt96VXGtEgD4uSOJ6B69H,['phonk brasileiro'],187698,67
唐仲彣,2AXIg0cc8pzzVcNnE3sSI6,['taiwan hip hop'],1403,25
SPYAIR,7gRg6C2qgQ1F01k3sgyEVt,"['anime', 'anime rock', 'j-pop', 'j-poprock', 'j-rock']",589309,61
Jason Derulo,07YZf4WDAMNwqr4jfgOZ8y,"['dance pop', 'pop']",12154500,78
Karena Lam,5sIpD4IMJlqyaNxA8qNTnJ,['cantopop'],3508,21
Ryan.B,78EWtfjj7daNa4FrTSPQsD,['chinese hip hop'],58552,54
Eve Ai,6eLpNMX3ZygSrUuxAlIWIx,"['mandopop', 'taiwan singer-songwriter']",205465,45
Muni Long,7tjVFCxJdwT4NdrTmjyjQ6,['indie r&b'],585456,68
Ai Higuchi,4GxWcui9BlMJH9VOOK5wav,['japanese alternative pop'],104234,52
David Tao,40tNK2YedBV2jRFAHxpifB,"['chinese r&b', 'mandopop', 'taiwan pop', 'taiwan singer-songwriter']",685367,61
AKMU,6OwKE9Ez6ALxpTaKcT5ayv,['k-pop'],1699807,61
赵方婧,4P2x3pFDSDXPLOKWSqUire,"['chinese viral pop', 'zhongguo feng']",16441,46
Silk Ye,1OyML8UXqmlHP7JHexdJVl,['chinese viral pop'],19404,48
Lil Nas X,7jVv8c5Fj3E9VhNjxT4snq,['lgbtq+ hip hop'],12408295,75
Yo Lee,1D2LuIU6rgg0MGa0l8wYJh,"['mandopop', 'taiwan pop', 'taiwan singer-songwriter']",58715,37
Fire EX.,7qBIgabdHdcr6NLujDxWAU,"['mandopop', 'taiwan indie', 'taiwan pop', 'taiwan punk']",111039,46
Grady Guan,2aFNEQB9JnQ171stH9Ljh5,"['chinese singer-songwriter', 'mainland chinese pop', 'mandopop']",5987,37
Crim!nal,6uJ51uV5rYzu1MJkC4CceI,"['breaks', 'experimental house']",44970,60
Hu Xia,3iRqbMhzyOyoCkmmMRxLWR,"['mainland chinese pop', 'mandopop']",192409,48
Zedd,2qxJFvFYMEDqd7ui6kSAcq,"['complextro', 'edm', 'german techno', 'pop', 'pop dance']",5943409,74
洋蔥,6Q6qP18xDxLbiw0um1t7pw,[],2927,18
开一枪,2l5m4pAZsByhzQUbj5cOQt,['chinese viral pop'],2427,36
Stephanie Beatriz,5PYToRCsrnvikZg3yl2JMr,['hollywood'],61319,67
莫宰羊,2yN7qnZbV8krGJEB16nUOe,['taiwan hip hop'],63533,41
Yisa Yu,75CM5fojYdKYD0xYSFh22Z,"['mainland chinese pop', 'mandopop']",313140,51
Bebe Rexha,64M6ah0SkkRsnPGtGiRAbb,"['dance pop', 'pop']",9282064,80
JAURIM,6evmYxFbDSIHilUaYC9MhL,"['k-indie', 'k-rock']",72119,41
李宜柏PAULYBLEE,6rCZx04nawchlA7kTA0c9v,['chinese r&b'],1607,21
Brandy,05oH07COxkXKIMt6mIPRee,"['contemporary r&b', 'dance pop', 'hip pop', 'r&b', 'urban contemporary']",3682946,69
Becky G,4obzFoKoKRHIphyHzJ35G3,"['latin pop', 'latin viral pop', 'rap latina', 'reggaeton', 'trap latino', 'urbano latino']",14921941,78
芒果醬 Mango Jump,1t1GIb4bb1lARAXwWEekUN,['taiwan rock'],29086,47
Who Cares 胡凱兒,0AiFba38vwZy2L1SJGX4mW,['taiwan indie'],16144,38
結束バンド,2nvl0N9GwyX69RRBMEZ4OD,[],479536,63
Whee In,0BqRGrwqndrtNkojXiqIzL,"['k-pop', 'korean ost']",926429,50
Tiger Hu,3PpIzdLny8HwTnKp9joXdj,"['mainland chinese pop', 'mandopop']",127949,46
Beat Record,68a5FFsJZ9qs2HPBKAyA1X,"['binaural', 'brain waves', 'sleep']",1814,29
泱泱,3wB3DaQL9pMokNEDkWJiPm,[],772,13
Boy In Space,0xu4jAQQv7ZAqvFGdc9HgP,['alt z'],218306,51
chilldspot,4uJKSLGvdvinobijrcfKw4,"['japanese alternative rock', 'japanese r&b', 'japanese soul']",84219,42
Joji,3MZsBdqDrRTJihTHQrO6Dq,['viral pop'],9702410,78
Wen Wei,12LXmUdAbhmRP9CCa7wGHn,[],4828,6
Sweet John,78UcIEW1VFh2WOgNk0E7mm,['taiwan indie'],98519,39
Lil Wayne,55Aa2cqylxrFIXC767Z865,"['hip hop', 'new orleans rap', 'pop rap', 'rap', 'trap']",15010190,85
Kim Na Young,4dvmLXorXADxVq8EcySEWk,['korean pop'],201708,53
王忻辰,61JBbdne26KjmyvOzjloSU,['chinese viral pop'],21839,53
NewJeans,6HvZYsbFfjnjFrWF950C9d,"['k-pop', 'k-pop girl group']",8765464,82
ZUTOMAYO,38WbKH6oKAZskBhqDFA8Uj,['j-pop'],1884137,64
Beenzino,7IrDIIq3j04exsiF3Z7CPg,"['k-rap', 'korean r&b']",273124,50
Martin Garrix,60d24wfXkVzDSfLS6hyCjZ,"['dutch edm', 'edm', 'pop', 'pop dance', 'progressive house']",15061662,75
Da Mouth,0f5x4P8SybbRdpVr4idUwd,['mandopop'],46935,35
Kim Sawol,08J6v4qHZz06ua0qAicWmE,"['k-indie', 'korean indie folk', 'korean singer-songwriter']",25102,41
GRAY,4Uc8Dsxct0oMqx0P6i60ea,"['bedroom pop', 'pop', 'pov: indie']",9958743,78
XXXTENTACION,15UsOTVnJzReFVN1VCnxy4,"['emo rap', 'miami hip hop', 'rap']",46199723,87
張哲瀚,1DMI6oQrrt8rVMVN83jXA7,[],54837,63
Lo 5ibe,5YzAd0rfhycjIWj4IeHznH,[],66,8
SOOJIN,0kB3Vlf3xDNZQz6NjAPJV8,['5th gen k-pop'],391213,47
mgk,6TIYQ3jFPwQSRmorSezPxX,"['ohio hip hop', 'pop rap']",5336920,79
JID,6U3ybJ9UHNKEdsH7ktGBZ7,"['hip hop', 'pop rap', 'rap', 'underground hip hop']",1840223,77
Kim Petras,3Xt3RrJMFv5SZkCfUE8C1J,"['alt z', 'dance pop', 'pop', 'transpop']",1116821,75
Overdose,6WmXWHmfBMhupyIs8MSqtu,['japanese teen pop'],786661,63
王昱辰,3I5ejA025f2DSnkD414Lny,[],83,12
張洢豪,5kzjeV6bqyVmLPQfx5kfL1,['chinese r&b'],14065,46
WiFi歪歪,5uGeHZ02omg34B94jO9FOG,[],8096,40
ꉈꀧ꒒꒒ꁄꍈꍈꀧ꒦ꉈ ꉣꅔꎡꅔꁕꁄ,3PvbcfORzI3TVPlBxsTmhU,[],36512,52
ZEROBASEONE,7cjg7EkeZy3OI5o9Qthc6n,['5th gen k-pop'],697181,63
effie,3rLCUhRjMFWYTJd1C4LkG0,[],2195,48
sodagreen,3WYT2b8pOLsLsqSaoWYr7U,['mandopop'],596721,59
KATSEYE,3c0gDdb9lhnHGFtP4prQpn,['5th gen k-pop'],159569,65
李艺皓,3RkdkgucsJ7p8wSphxSHT8,[],165,42
Younha,6GwM5CHqhWXzG3l5kzRSAS,['korean pop'],453427,52
Sam Fischer,6L1XC7NrmgWRlwAeLJvVtA,"['australian pop', 'singer-songwriter pop']",284455,60
163 braces,6gtUGnqU4qnJ2ZB2bvp5TZ,[],35741,39
ABAO,0LcJLqbBmaGUft1e9Mm8HV,"['europop', 'swedish pop']",12674737,81
Black MIC,41MozSoPIsD1dJM0CLPjZF,"['k-pop', 'k-pop girl group', 'pop']",50449007,80
R-chord,5XkrVVn0lQIVPkH55nbTgZ,"['mandopop', 'taiwan singer-songwriter']",162712,47
吕口口,3Wscg8TgjGseAke9eOrwDC,['chinese viral pop'],15120,46
九澤CP,7JRMSnpii2F9B7JlqRGiYR,"['taiwan idol pop', 'taiwan pop']",26518,36
Zhang Bichen,7n6JzP9GxGVVzXG0t0gLu3,['mainland chinese pop'],229950,55
LeeHi,7cVZApDoQZpS447nHTsNqu,['k-pop'],1773886,65
Young,7wlFDEWiM5OoIAt8RSli8b,"['baton rouge rap', 'rap']",12987624,81
HAIM,4Ui2kfOqGujY81UcPrb5KE,"['indietronica', 'metropopolis']",1331163,63
WANMEI,6FBDaR13swtiWwGhX1WQsP,"['alternative metal', 'modern rock', 'pop punk', 'punk', 'rock', 'socal pop punk']",8406295,78
Vinida Weng,6oYvpkS6pM9ts4nbXRaINg,['chinese hip hop'],51360,41
H.E.R.,3Y7RZ31TRPVadSFVy1o8os,"['r&b', 'rap']",7783766,75
音阙诗听,6JZIgN9gEgNSS8lY5pmwbx,"['chinese viral pop', 'mainland chinese pop', 'zhongguo feng']",106938,51
G22,4DsCOCoIUvUKVDDY8OW3lU,['p-pop'],39252,41
Henry Moodie,7hr9W3IjXcm3UlLY7guLk5,['singer-songwriter pop'],527378,68
JIHYO,7F1iAHRYxR3MY7yAEuFqgL,[],826551,57
很美味,5qlx1DAdpjiAqMK8m5ijFN,[],3976,37
Justin Timberlake,31TPClRtHm23RisEBtV3X7,"['dance pop', 'pop']",14379286,81
那英,35ig3ZjuqVyGeovLsj4xNm,"['classic mandopop', 'mainland chinese pop', 'mandopop']",204323,44
B. Swanson Quartet,0JXiS2FrAg3wQYJHcmZdrc,[],805,34
Camilo,28gNT5KBp7IjEOQoevXf9N,"['colombian pop', 'latin pop', 'latin viral pop', 'reggaeton colombiano']",19133641,81
GEMN,7AUc6z9aVJftqLkiWdQ1ew,[],19506,60
ZAYN,5ZsFI1h6hIdQRw2ti0hz81,"['pop', 'uk pop']",23157334,76
Kenya Grace,7uMDnSZyUYNBPLhPMNuaM2,['singer-songwriter pop'],525089,69
NCT DOJAEJUNG,0W0w607z3JEA1vXLz9FVGw,"['5th gen k-pop', 'k-pop boy group']",482206,50
Marcus Lee,18G699wFEzXLGHsgsDZyYj,['singaporean singer-songwriter'],2886,29
阿涵,0Nu7uGMynoaIdKnfLRgxJ8,"['chinese viral pop', 'mainland chinese pop', 'mandopop']",88701,46
Bono,0cmWgDlu9CwTgxPhf403hb,"['downtempo', 'electronica', 'indietronica', 'instrumental hip hop', 'jazztronica', 'nu jazz', 'trip hop']",1399185,63
will.i.am,085pc2PYOi8bGKj0PNjekA,"['dance pop', 'pop']",4180570,74
Cosmos People,0tNjyz75Px29Yuf1sjs25G,"['mandopop', 'taiwan pop']",106320,47
The Chairs,69GGBxA162lTqCwzJG5jLp,['pop'],20382875,82
Paris Hilton,1vkJFCwstOoJO7yQ4lTtLK,"['dance pop', 'post-teen pop']",785828,56
MARK,70DFixYAFPv4Pf9kgSfR9O,['k-pop'],775305,53
Laufey,7gW0r5CkdEUMm42w9XpyZO,['gen z singer-songwriter'],4893360,81
Daryl Hall & John Oates,77tT1kLj6mCWtFNqiOmP9H,"['album rock', 'classic rock', 'mellow gold', 'rock', 'singer-songwriter', 'soft rock', 'yacht rock']",2478596,76
Tems,687cZJR45JO7jhk1LHIbgq,"['afro r&b', 'afrobeats', 'alte', 'nigerian pop']",2179829,78
Twenty One Pilots,3YQKmKGau1PzlVlkL1iodx,"['modern rock', 'pop', 'pov: indie', 'rock']",24532430,82
WOOSUNG,5LHu1iF8m0XtRBEJbbwSoo,"['k-pop', 'korean ost']",768917,56
安溥,7m3hJRouj4fFil1ksJDx0I,"['chinese indie', 'taiwan pop', 'taiwan singer-songwriter']",94806,41
P!nk,1KCSPY1glIKqW2TotWuXOR,"['dance pop', 'pop']",16974189,81
Soulja Boy,6GMYJwaziB4ekv1Y6wCDWS,"['atl hip hop', 'chicago bop', 'dance pop', 'pop rap', 'rap', 'southern hip hop', 'trap']",2111136,68
Buddha Jump,43k1nPBByWctkFAvo16Xbc,"['chinese indie', 'taiwan indie']",10433,30
WJSN,6hhqsQZhtp9hfaZhSd0VSD,"['k-pop', 'k-pop girl group']",901584,48
INHON,1rOvj5saGbGsqoDTxQEX3J,['taiwan hip hop'],11450,33
Mark Ronson,3hv9jJF3adDNsBSIQDqcjp,['pop soul'],1102093,76
Paul McCartney,4STHEaNw4mPZ2tzheohgXB,"['classic rock', 'mellow gold', 'rock', 'soft rock']",4855798,71
大淵 MUTA,4pWDJ1CIEJGf6AzU1HIDgM,['taiwan hip hop'],16113,26
KID林柏昇,4wXA1NI4L4kF95dOqUWV11,[],209,13
WONWOO,3rHcBT06Vb1XGVUWhDALZt,[],425279,49
bbno$,41X1TR6hrK8Q2ZCpp2EqCz,"['canadian hip hop', 'dark trap', 'meme rap']",1556335,73
Fat Max Gsus,4FJvChnzwDxBkD1jzSjNPq,[],335,34
Mufasa,4L2dV3zY7RmkeiNO035Fi0,['pop dance'],17541,61
Ben&Ben,22wbnEMDvgVIAGdFeek6ET,['singer-songwriter pop'],3319931,85
Diane Guerrero,18MFcGBHtyW0mU3ufcm0X1,['movie tunes'],12085,59
A$AP Rocky,13ubrt8QOOCPljQ2FL1Kca,"['east coast hip hop', 'hip hop', 'rap']",14722549,84
Galantis,4sTQVOfp9vEMCemLw50sbu,"['dance pop', 'edm', 'pop', 'pop dance', 'progressive electro house']",3372372,71
GOT the beat,6uNxlIP5lzPFf0BHuELOuX,['k-pop'],771741,50
老莫 ILL MO,4JGm6vTwtCqjf0C3kxXx6y,['chinese hip hop'],4178,23
Playboi Carti,699OTQXzgjhIYAHMy9RyPD,"['atl hip hop', 'plugg', 'pluggnb', 'rage rap', 'rap']",11392232,86
Hallie Coggins,5JNkPX6dYGLeEm4cUjHNGc,[],5076,57
GooGoo,42XkP61bhl484R4ear0pgx,[],2440,43
OHMYMEITING,5ejbZdon0riCxa7GyJNEAx,"['singaporean mandopop', 'taiwan pop']",19567,36
JAY B,3IjHX8KZKoeq3X4QgXxqbT,['k-pop'],616173,47
The Walters,027TpXKGwdXP7iwbjUSpV8,"['chicago indie', 'pov: indie']",763684,72
ITZY,2KC9Qb60EaY0kW4eH68vr3,"['k-pop', 'k-pop girl group']",7547406,69
Seori,74eX4C98E4FCrAMl39qRsJ,"['alternative metal', 'canadian metal', 'canadian rock', 'nu metal', 'post-grunge']",2134734,63
Daya,6Dd3NScHWwnW6obMFbl1BH,"['alt z', 'pop']",1653543,71
踢萬8IG8A8Y,1B3iAH9YqXMuW8CgnLEq8R,['taiwan hip hop'],537,17
Crush,6aLdhHUqgdKE86xbtNmY8g,"['k-pop', 'korean r&b']",1215893,64
Way Of Puzzle,1ZETPP9nrIMNM7luXA2u5p,"['taiwan indie', 'taiwan punk']",7518,21
Tanya Chua,376pcuw4IgWBMOUwCr8kIm,"['mandopop', 'singaporean mandopop', 'singaporean pop', 'singaporean singer-songwriter', 'taiwan singer-songwriter']",552497,59
Wizkid,3tVQdUvClmAT7URs9V3rsp,"['afrobeats', 'afropop', 'azonto', 'nigerian hip hop', 'nigerian pop']",5814187,77
Kate Bush,1aSxMhuvixZ8h9dK9jIDwL,"['art pop', 'art rock', 'baroque pop', 'new wave pop', 'permanent wave', 'piano rock', 'singer-songwriter']",2102504,71
Kendrick Lamar,2YZyLoL8N0Wb9xBt1NhZWg,"['conscious hip hop', 'hip hop', 'rap', 'west coast rap']",32006274,92
馬佳,5psFL2JXNonAFo21v6ZMfT,[],2,8
Dean Martin,49e4v89VmlDcFCMyDv9wQ9,"['adult standards', 'easy listening', 'lounge', 'vocal jazz']",1721137,67
Riton,7i9j813KFoSBMldGqlh2Z1,"['house', 'pop dance', 'uk dance']",141843,67
VICTON,0ziR2zN0NFcB4x1G3P8cW3,"['k-pop', 'k-pop boy group']",926705,42
Angela Chang,4txug0T3vYc9p20tuhfCUa,['mandopop'],542470,52
Linkin Park,6XyY86QOPPrYVGvF9ch6wz,"['alternative metal', 'nu metal', 'post-grunge', 'rap metal', 'rock']",26089649,86
yama,7kOrrFIBIBc8uCu2zbxbLv,"['j-pop', 'japanese teen pop']",1236830,60
陳粒,3SyC3U06X0DjdWd2Jf6V8Q,"['chinese minyao', 'chinese singer-songwriter']",183859,49
Grøøvy Wave,6HqmlsfifsmffzFxQoSZBC,['chinese melodic rap'],548,8
Darlene Love,391oLRVmoTkumiN79HkTWu,[],57477,40
Dominic Fike,6USv9qhCn6zfxlBQIYJ9qs,"['alternative pop rock', 'pov: indie']",1838371,79
Pika Chiu,5SIsztzgW9ErZcWRnp2hdS,"['taiwan pop', 'taiwan singer-songwriter']",11845,36
U:NUS,5MU3mwZkyvAeTD2vEMs6dZ,[],9556,31
HIGHLIGHT,3T0fMfxYBU3q9oAUAdPIsr,"['k-pop', 'k-pop boy group']",514755,43
Amazing Show,3n16EAnJtz6SZGx2zJssrI,"['mandopop', 'taiwan indie', 'taiwan pop', 'taiwan punk']",177478,49
Farruko,329e4yvIujISKGKz1BZZbO,"['reggaeton', 'trap latino', 'urbano latino']",15911177,83
Steve Aoki,77AiFEVeAVj2ORpC85QVJs,"['edm', 'electro house', 'pop dance']",3778089,71
Avril Lavigne,0p4nmQO2msCgU4IF37Wi3j,"['canadian pop', 'candy pop', 'dance pop', 'pop']",11201352,77
Liam Payne,5pUo3fmmHT8bhCyHE52hA6,['pop'],10027043,61
Jordan Chan,4EefQ1H6Qg9W5Gv7eVLC9U,['mandopop'],146499,48
國泰世華銀行,76SMu2cqA4QklNxJIHlzE7,[],4509,8
